<Exception><ExceptionRecord ModuleName="C:\Program Files\AnsysEM\AnsysEM19.2\Win64\ansysedt.exe" ExceptionCode="0xc0000005" ExceptionDescription="EXCEPTION_ACCESS_VIOLATION" ExceptionAddress="0xb63eaf"/><Processor Vendor="GenuineIntel" Architecture="PROCESSOR_ARCHITECTURE_AMD64" Description="Intel(R) Core(TM) i7-7800X CPU @ 3.50GHz" NumberOfProcessors="12"/><OperatingSystem Version="Windows 8 Professional " MajorVersion="6" MinorVersion="2" BuildNumber="9200" Platform="2" CSDVersion=""/><Memory Load="19"><Physical Total="68382130176" Available="55083126784"/><Virtual Total="140737488224256" Available="140735232217088"/></Memory><Modules><Module FullPath="C:\Program Files\AnsysEM\AnsysEM19.2\Win64\ansysedt.exe" BaseAddress="0x40000000" Size="0x00359000" TimeStamp="07/24/2018 23:24:56" FileVersion="2018.2.0.1" ProductVersion="2018.2.0.0"/><Module FullPath="C:\Windows\System32\ntdll.dll" BaseAddress="0x6b230000" Size="0x001d0000" TimeStamp="09/11/2019 06:31:45" FileVersion="6.2.14393.3241" ProductVersion="10.0.14393.3241"/><Module FullPath="C:\Windows\System32\kernel32.dll" BaseAddress="0x69dd0000" Size="0x000ac000" TimeStamp="05/04/2019 07:20:46" FileVersion="6.2.14393.2969" ProductVersion="10.0.14393.2969"/><Module FullPath="C:\Windows\System32\KERNELBASE.dll" BaseAddress="0x67a20000" Size="0x0021d000" TimeStamp="11/26/2019 08:37:15" FileVersion="6.2.14393.3383" ProductVersion="10.0.14393.3383"/><Module FullPath="C:\Windows\System32\user32.dll" BaseAddress="0x6ac30000" Size="0x00165000" TimeStamp="11/26/2019 08:26:58" FileVersion="6.2.14393.3383" ProductVersion="10.0.14393.3383"/><Module FullPath="C:\Program Files\AnsysEM\AnsysEM19.2\Win64\ngcore.dll" BaseAddress="0x015c0000" Size="0x004fe000" TimeStamp="07/24/2018 22:10:56" FileVersion="2018.2.0.1" ProductVersion="2018.2.0.0"/><Module FullPath="C:\Program Files\AnsysEM\AnsysEM19.2\Win64\uicore.dll" BaseAddress="0x80000000" Size="0x0077b000" TimeStamp="07/24/2018 22:11:24" FileVersion="2018.2.0.1" ProductVersion="2018.2.0.0"/><Module FullPath="C:\Program Files\AnsysEM\AnsysEM19.2\Win64\desktop.dll" BaseAddress="0x00970000" Size="0x00c47000" TimeStamp="07/24/2018 22:17:24" FileVersion="2018.2.0.1" ProductVersion="2018.2.0.0"/><Module FullPath="C:\Windows\System32\win32u.dll" BaseAddress="0x67720000" Size="0x0001e000" TimeStamp="08/02/2016 10:44:21" FileVersion="6.2.14393.51" ProductVersion="10.0.14393.51"/><Module FullPath="C:\Windows\System32\gdi32.dll" BaseAddress="0x6a0a0000" Size="0x00034000" TimeStamp="10/17/2019 08:25:35" FileVersion="6.2.14393.3321" ProductVersion="10.0.14393.3321"/><Module FullPath="C:\Windows\System32\gdi32full.dll" BaseAddress="0x67840000" Size="0x00181000" TimeStamp="11/28/2019 01:57:07" FileVersion="6.2.14393.3384" ProductVersion="10.0.14393.3384"/><Module FullPath="C:\Windows\System32\advapi32.dll" BaseAddress="0x6afe0000" Size="0x000a2000" TimeStamp="05/04/2019 07:19:20" FileVersion="6.2.14393.2969" ProductVersion="10.0.14393.2969"/><Module FullPath="C:\Windows\System32\msvcrt.dll" BaseAddress="0x6a1b0000" Size="0x0009e000" TimeStamp="08/23/2018 06:24:05" FileVersion="7.0.14393.2457" ProductVersion="10.0.14393.2457"/><Module FullPath="C:\Windows\System32\sechost.dll" BaseAddress="0x6a840000" Size="0x00059000" TimeStamp="08/30/2018 23:20:44" FileVersion="6.2.14393.2515" ProductVersion="10.0.14393.2515"/><Module FullPath="C:\Windows\System32\rpcrt4.dll" BaseAddress="0x6b100000" Size="0x00121000" TimeStamp="10/17/2019 08:27:07" FileVersion="6.2.14393.3321" ProductVersion="10.0.14393.3321"/><Module FullPath="C:\Windows\System32\shell32.dll" BaseAddress="0x688c0000" Size="0x01505000" TimeStamp="10/17/2019 08:23:45" FileVersion="6.2.14393.3321" ProductVersion="10.0.14393.3321"/><Module FullPath="C:\Windows\System32\cfgmgr32.dll" BaseAddress="0x679d0000" Size="0x00042000" TimeStamp="07/16/2016 13:42:27" FileVersion="6.2.14393.0" ProductVersion="10.0.14393.0"/><Module FullPath="C:\Windows\System32\shlwapi.dll" BaseAddress="0x687c0000" Size="0x00052000" TimeStamp="07/16/2016 13:42:42" FileVersion="6.2.14393.0" ProductVersion="10.0.14393.0"/><Module FullPath="C:\Windows\System32\windows.storage.dll" BaseAddress="0x67f90000" Size="0x006da000" TimeStamp="09/11/2019 06:28:17" FileVersion="6.2.14393.3241" ProductVersion="10.0.14393.3241"/><Module FullPath="C:\Windows\System32\combase.dll" BaseAddress="0x6a960000" Size="0x002c5000" TimeStamp="09/11/2019 06:27:31" FileVersion="6.2.14393.3241" ProductVersion="10.0.14393.3241"/><Module FullPath="C:\Windows\System32\powrprof.dll" BaseAddress="0x676d0000" Size="0x0004c000" TimeStamp="07/16/2016 13:42:27" FileVersion="6.2.14393.0" ProductVersion="10.0.14393.0"/><Module FullPath="C:\Windows\System32\ws2_32.dll" BaseAddress="0x6b090000" Size="0x0006a000" TimeStamp="09/11/2019 06:32:45" FileVersion="6.2.14393.3241" ProductVersion="10.0.14393.3241"/><Module FullPath="C:\Windows\System32\ucrtbase.dll" BaseAddress="0x67740000" Size="0x000f4000" TimeStamp="05/21/2019 06:08:19" FileVersion="6.2.14393.2999" ProductVersion="10.0.14393.2999"/><Module FullPath="C:\Windows\System32\kernel.appcore.dll" BaseAddress="0x676c0000" Size="0x0000f000" TimeStamp="06/08/2018 08:37:24" FileVersion="6.2.14393.2312" ProductVersion="10.0.14393.2312"/><Module FullPath="C:\Windows\System32\bcryptPrimitives.dll" BaseAddress="0x67c40000" Size="0x0006a000" TimeStamp="05/04/2019 07:18:00" FileVersion="6.2.14393.2969" ProductVersion="10.0.14393.2969"/><Module FullPath="C:\Windows\System32\psapi.dll" BaseAddress="0x6a8b0000" Size="0x00008000" TimeStamp="07/16/2016 13:42:15" FileVersion="6.2.14393.0" ProductVersion="10.0.14393.0"/><Module FullPath="C:\Windows\System32\SHCore.dll" BaseAddress="0x68710000" Size="0x000a9000" TimeStamp="05/04/2019 07:18:21" FileVersion="6.2.14393.2969" ProductVersion="10.0.14393.2969"/><Module FullPath="C:\Windows\System32\wintrust.dll" BaseAddress="0x67e80000" Size="0x00055000" TimeStamp="02/06/2019 04:58:51" FileVersion="6.2.14393.2791" ProductVersion="10.0.14393.2791"/><Module FullPath="C:\Windows\System32\ole32.dll" BaseAddress="0x6ada0000" Size="0x00138000" TimeStamp="06/13/2019 07:14:23" FileVersion="6.2.14393.3053" ProductVersion="10.0.14393.3053"/><Module FullPath="C:\Windows\System32\profapi.dll" BaseAddress="0x676a0000" Size="0x00014000" TimeStamp="07/16/2016 13:42:27" FileVersion="6.2.14393.0" ProductVersion="10.0.14393.0"/><Module FullPath="C:\Windows\System32\msasn1.dll" BaseAddress="0x67690000" Size="0x00010000" TimeStamp="07/16/2016 13:42:27" FileVersion="6.2.14393.0" ProductVersion="10.0.14393.0"/><Module FullPath="C:\Windows\System32\oleaut32.dll" BaseAddress="0x69fe0000" Size="0x000c0000" TimeStamp="11/26/2019 08:35:59" FileVersion="6.2.14393.3383" ProductVersion="10.0.14393.3383"/><Module FullPath="C:\Program Files\AnsysEM\AnsysEM19.2\Win64\uiresources.dll" BaseAddress="0x01ac0000" Size="0x001b0000" TimeStamp="07/24/2018 22:12:02" FileVersion="2018.2.0.1" ProductVersion="2018.2.0.0"/><Module FullPath="C:\Windows\System32\crypt32.dll" BaseAddress="0x67cb0000" Size="0x001c9000" TimeStamp="11/01/2019 03:39:01" FileVersion="6.2.14393.3324" ProductVersion="10.0.14393.3324"/><Module FullPath="C:\Windows\System32\comdlg32.dll" BaseAddress="0x6aee0000" Size="0x000fa000" TimeStamp="02/17/2019 03:55:07" FileVersion="6.2.14393.2828" ProductVersion="10.0.14393.2828"/><Module FullPath="C:\Windows\System32\msvcp_win.dll" BaseAddress="0x68670000" Size="0x0009c000" TimeStamp="05/21/2019 06:01:57" FileVersion="6.2.14393.2999" ProductVersion="10.0.14393.2999"/><Module FullPath="C:\Program Files\AnsysEM\AnsysEM19.2\Win64\solutionmanager.dll" BaseAddress="0x01c70000" Size="0x0011b000" TimeStamp="07/24/2018 22:12:40" FileVersion="2018.2.0.1" ProductVersion="2018.2.0.0"/><Module FullPath="C:\Program Files\AnsysEM\AnsysEM19.2\Win64\CrashReport.dll" BaseAddress="0x004e0000" Size="0x0001a000" TimeStamp="07/24/2018 22:11:50" FileVersion="2018.2.0.1" ProductVersion="2018.2.0.0"/><Module FullPath="C:\Program Files\AnsysEM\AnsysEM19.2\Win64\AnsysCorbaDriver.dll" BaseAddress="0x00500000" Size="0x00060000" TimeStamp="07/24/2018 23:12:54" FileVersion="0.0.0.0" ProductVersion="0.0.0.0"/><Module FullPath="C:\Program Files\AnsysEM\AnsysEM19.2\Win64\AppBase.dll" BaseAddress="0x5c2b0000" Size="0x0001c000" TimeStamp="07/24/2018 22:22:02" FileVersion="1.0.0.1" ProductVersion="1.0.0.1"/><Module FullPath="C:\Program Files\AnsysEM\AnsysEM19.2\Win64\atl_objects.dll" BaseAddress="0x01dc0000" Size="0x00072000" TimeStamp="07/24/2018 23:10:04" FileVersion="2018.2.0.1" ProductVersion="2018.2.0.0"/><Module FullPath="C:\Program Files\AnsysEM\AnsysEM19.2\Win64\BaseTextEditor.dll" BaseAddress="0x01e40000" Size="0x00282000" TimeStamp="07/24/2018 23:13:06" FileVersion="2018.2.0.1" ProductVersion="2018.2.0.0"/><Module FullPath="C:\Program Files\AnsysEM\AnsysEM19.2\Win64\blackboxdata.dll" BaseAddress="0x020d0000" Size="0x005a3000" TimeStamp="07/24/2018 22:42:46" FileVersion="2018.2.0.1" ProductVersion="2018.2.0.0"/><Module FullPath="C:\Program Files\AnsysEM\AnsysEM19.2\Win64\circuitresources.dll" BaseAddress="0x026c0000" Size="0x00846000" TimeStamp="07/24/2018 22:34:18" FileVersion="2018.2.0.1" ProductVersion="2018.2.0.0"/><Module FullPath="C:\Program Files\AnsysEM\AnsysEM19.2\Win64\CompDlgWizard.dll" BaseAddress="0x02f10000" Size="0x000f4000" TimeStamp="07/24/2018 23:13:04" FileVersion="2018.2.0.1" ProductVersion="2018.2.0.0"/><Module FullPath="C:\Program Files\AnsysEM\AnsysEM19.2\Win64\ComponentDialogs.dll" BaseAddress="0x03010000" Size="0x003ed000" TimeStamp="07/24/2018 23:24:00" FileVersion="2018.2.0.22" ProductVersion="2018.2.0.0"/><Module FullPath="C:\Program Files\AnsysEM\AnsysEM19.2\Win64\DeviceCharacterization.dll" BaseAddress="0x03410000" Size="0x00b2c000" TimeStamp="07/24/2018 23:19:00" FileVersion="2018.2.0.234" ProductVersion="2018.2.0.0"/><Module FullPath="C:\Program Files\AnsysEM\AnsysEM19.2\Win64\ExternalDataFile.dll" BaseAddress="0x03f50000" Size="0x00071000" TimeStamp="07/24/2018 22:39:06" FileVersion="2018.2.0.1" ProductVersion="2018.2.0.0"/><Module FullPath="C:\Program Files\AnsysEM\AnsysEM19.2\Win64\sheetscan.dll" BaseAddress="0x04000000" Size="0x0006d000" TimeStamp="07/24/2018 23:12:14" FileVersion="2018.2.0.1" ProductVersion="2018.2.0.0"/><Module FullPath="C:\Program Files\AnsysEM\AnsysEM19.2\Win64\simplorercoupling.dll" BaseAddress="0x04080000" Size="0x003e1000" TimeStamp="07/24/2018 23:17:48" FileVersion="2018.2.0.1" ProductVersion="2018.2.0.0"/><Module FullPath="C:\Program Files\AnsysEM\AnsysEM19.2\Win64\SParamAnalyzer.dll" BaseAddress="0x04470000" Size="0x00404000" TimeStamp="07/24/2018 22:25:48" FileVersion="2018.2.0.1" ProductVersion="2018.2.0.0"/><Module FullPath="C:\Program Files\AnsysEM\AnsysEM19.2\Win64\TranslatorUtils.dll" BaseAddress="0x04880000" Size="0x000b1000" TimeStamp="07/24/2018 22:31:24" FileVersion="0.0.0.0" ProductVersion="0.0.0.0"/><Module FullPath="C:\Windows\System32\mfc140.dll" BaseAddress="0x44070000" Size="0x0058a000" TimeStamp="06/20/2019 18:06:04" FileVersion="14.22.27821.0" ProductVersion="14.22.27821.0"/><Module FullPath="C:\Windows\System32\imm32.dll" BaseAddress="0x6a920000" Size="0x0002e000" TimeStamp="07/16/2016 13:42:23" FileVersion="6.2.14393.0" ProductVersion="10.0.14393.0"/><Module FullPath="C:\Windows\System32\uxtheme.dll" BaseAddress="0x65ea0000" Size="0x00095000" TimeStamp="10/01/2019 22:38:52" FileVersion="6.2.14393.3297" ProductVersion="10.0.14393.3297"/><Module FullPath="C:\Windows\System32\secur32.dll" BaseAddress="0x5c100000" Size="0x0000c000" TimeStamp="04/28/2018 07:50:00" FileVersion="6.2.14393.2273" ProductVersion="10.0.14393.2273"/><Module FullPath="C:\Program Files\AnsysEM\AnsysEM19.2\Win64\pthreadVC2.dll" BaseAddress="0x04970000" Size="0x00010000" TimeStamp="02/05/2018 15:30:58" FileVersion="0.0.0.0" ProductVersion="0.0.0.0"/><Module FullPath="C:\Windows\System32\dhcpcsvc.dll" BaseAddress="0x63730000" Size="0x0001a000" TimeStamp="07/16/2016 13:42:27" FileVersion="6.2.14393.0" ProductVersion="10.0.14393.0"/><Module FullPath="C:\Windows\System32\nsi.dll" BaseAddress="0x6a8a0000" Size="0x00008000" TimeStamp="10/01/2019 23:25:31" FileVersion="6.2.14393.3297" ProductVersion="10.0.14393.3297"/><Module FullPath="C:\Windows\System32\msvcp140.dll" BaseAddress="0x5c110000" Size="0x00099000" TimeStamp="06/20/2019 18:05:52" FileVersion="14.22.27821.0" ProductVersion="14.22.27821.0"/><Module FullPath="C:\Program Files\AnsysEM\AnsysEM19.2\Win64\boost_system-vc140-mt-1_63.dll" BaseAddress="0x625d0000" Size="0x0000b000" TimeStamp="02/26/2018 12:14:34" FileVersion="0.0.0.0" ProductVersion="0.0.0.0"/><Module FullPath="C:\Windows\System32\wtsapi32.dll" BaseAddress="0x64e90000" Size="0x00013000" TimeStamp="07/16/2016 13:42:43" FileVersion="6.2.14393.0" ProductVersion="10.0.14393.0"/><Module FullPath="C:\Windows\System32\VCRUNTIME140.dll" BaseAddress="0x62ca0000" Size="0x00016000" TimeStamp="06/20/2019 18:05:58" FileVersion="14.22.27821.0" ProductVersion="14.22.27821.0"/><Module FullPath="C:\Windows\System32\mpr.dll" BaseAddress="0x5b580000" Size="0x0001b000" TimeStamp="03/14/2019 08:37:27" FileVersion="6.2.14393.2879" ProductVersion="10.0.14393.2879"/><Module FullPath="C:\Program Files\AnsysEM\AnsysEM19.2\Win64\DesktopZipArchive.dll" BaseAddress="0x5b450000" Size="0x00053000" TimeStamp="11/30/2017 16:01:10" FileVersion="4.6.1.0" ProductVersion="4.6.1.0"/><Module FullPath="C:\Program Files\AnsysEM\AnsysEM19.2\Win64\ansoftvkitools.dll" BaseAddress="0x049b0000" Size="0x00551000" TimeStamp="06/13/2018 21:06:00" FileVersion="0.0.0.0" ProductVersion="0.0.0.0"/><Module FullPath="C:\Program Files\AnsysEM\AnsysEM19.2\Win64\xerces-c_3_1.dll" BaseAddress="0x12000000" Size="0x00265000" TimeStamp="10/18/2016 11:15:04" FileVersion="3.1.4.0" ProductVersion="3.1.4.0"/><Module FullPath="C:\Program Files\AnsysEM\AnsysEM19.2\Win64\BCGCBPRO2430140.dll" BaseAddress="0x04f20000" Size="0x00a20000" TimeStamp="05/25/2018 10:59:18" FileVersion="24.3.0.0" ProductVersion="24.3.0.0"/><Module FullPath="C:\Program Files\AnsysEM\AnsysEM19.2\Win64\ComponentSystem.192.dll" BaseAddress="0x05940000" Size="0x0055b000" TimeStamp="06/11/2018 02:01:16" FileVersion="19.2.0.58006" ProductVersion="19.2.0.0"/><Module FullPath="C:\Program Files\AnsysEM\AnsysEM19.2\Win64\pawin32.dll" BaseAddress="0x530e0000" Size="0x00055000" TimeStamp="08/10/2015 16:03:10" FileVersion="2.0.0.0" ProductVersion="2.0.0.0"/><Module FullPath="C:\Program Files\AnsysEM\AnsysEM19.2\Win64\ansoftcom.dll" BaseAddress="0x05eb0000" Size="0x00120000" TimeStamp="07/24/2018 22:12:48" FileVersion="2018.2.0.1" ProductVersion="2018.2.0.0"/><Module FullPath="C:\Program Files\AnsysEM\AnsysEM19.2\Win64\ModulePlugin.dll" BaseAddress="0x05fe0000" Size="0x00034000" TimeStamp="07/24/2018 22:12:36" FileVersion="0.0.0.0" ProductVersion="0.0.0.0"/><Module FullPath="C:\Program Files\AnsysEM\AnsysEM19.2\Win64\ngansoftcomapp.dll" BaseAddress="0x06040000" Size="0x000ff000" TimeStamp="07/24/2018 22:14:00" FileVersion="2018.2.0.1" ProductVersion="2018.2.0.0"/><Module FullPath="C:\Program Files\AnsysEM\AnsysEM19.2\Win64\PluginCore.dll" BaseAddress="0x5bfb0000" Size="0x00020000" TimeStamp="07/24/2018 22:11:06" FileVersion="0.0.0.0" ProductVersion="0.0.0.0"/><Module FullPath="C:\Program Files\AnsysEM\AnsysEM19.2\Win64\sfl1220as.dll" BaseAddress="0x5f730000" Size="0x000b8000" TimeStamp="09/19/2017 16:57:30" FileVersion="12.2.0.0" ProductVersion="12.2.0.0"/><Module FullPath="C:\Windows\WinSxS\amd64_microsoft.windows.common-controls_6595b64144ccf1df_5.82.14393.2457_none_a13eaee9d8fd5c07\comctl32.dll" BaseAddress="0x62e70000" Size="0x000ac000" TimeStamp="08/23/2018 06:20:06" FileVersion="5.82.14393.2457" ProductVersion="10.0.14393.2457"/><Module FullPath="C:\Windows\System32\netapi32.dll" BaseAddress="0x5b620000" Size="0x00018000" TimeStamp="07/16/2016 13:42:23" FileVersion="6.2.14393.0" ProductVersion="10.0.14393.0"/><Module FullPath="C:\Program Files\AnsysEM\AnsysEM19.2\Win64\ot1220as.dll" BaseAddress="0x5f460000" Size="0x002cb000" TimeStamp="09/19/2017 16:58:26" FileVersion="12.2.0.0" ProductVersion="12.2.0.0"/><Module FullPath="C:\Program Files\AnsysEM\AnsysEM19.2\Win64\boost_date_time-vc140-mt-1_63.dll" BaseAddress="0x5bdd0000" Size="0x00014000" TimeStamp="02/26/2018 12:12:54" FileVersion="0.0.0.0" ProductVersion="0.0.0.0"/><Module FullPath="C:\Program Files\AnsysEM\AnsysEM19.2\Win64\boost_filesystem-vc140-mt-1_63.dll" BaseAddress="0x5b050000" Size="0x00027000" TimeStamp="02/26/2018 12:13:02" FileVersion="0.0.0.0" ProductVersion="0.0.0.0"/><Module FullPath="C:\Windows\WinSxS\amd64_microsoft.windows.gdiplus_6595b64144ccf1df_1.1.14393.3383_none_aece35edddd1c823\GdiPlus.dll" BaseAddress="0x62cd0000" Size="0x0019a000" TimeStamp="11/26/2019 07:36:07" FileVersion="6.2.14393.3383" ProductVersion="10.0.14393.3383"/><Module FullPath="C:\Program Files\AnsysEM\AnsysEM19.2\Win64\boost_iostreams-vc140-mt-1_63.dll" BaseAddress="0x5b3a0000" Size="0x00015000" TimeStamp="02/26/2018 12:13:12" FileVersion="0.0.0.0" ProductVersion="0.0.0.0"/><Module FullPath="C:\Windows\System32\dbghelp.dll" BaseAddress="0x59c70000" Size="0x00192000" TimeStamp="07/16/2016 13:42:31" FileVersion="6.2.14321.1024" ProductVersion="10.0.14321.1024"/><Module FullPath="C:\Windows\System32\version.dll" BaseAddress="0x63990000" Size="0x0000a000" TimeStamp="07/16/2016 13:42:40" FileVersion="6.2.14393.0" ProductVersion="10.0.14393.0"/><Module FullPath="C:\Program Files\AnsysEM\AnsysEM19.2\Win64\ZipArchive.dll" BaseAddress="0x06190000" Size="0x00079000" TimeStamp="11/30/2017 15:47:58" FileVersion="3.0.0.0" ProductVersion="3.0.0.0"/><Module FullPath="C:\Program Files\AnsysEM\AnsysEM19.2\Win64\TAO.dll" BaseAddress="0x4d730000" Size="0x00153000" TimeStamp="02/20/2018 20:37:12" FileVersion="2.4.6.0" ProductVersion="2.4.6.0"/><Module FullPath="C:\Program Files\AnsysEM\AnsysEM19.2\Win64\postngcore.dll" BaseAddress="0x06250000" Size="0x002be000" TimeStamp="07/24/2018 22:12:02" FileVersion="2018.2.0.1" ProductVersion="2018.2.0.0"/><Module FullPath="C:\Program Files\AnsysEM\AnsysEM19.2\Win64\ACE.dll" BaseAddress="0x4a930000" Size="0x0017b000" TimeStamp="02/20/2018 19:47:52" FileVersion="6.4.6.0" ProductVersion="6.4.6.0"/><Module FullPath="C:\Program Files\AnsysEM\AnsysEM19.2\Win64\TAO_AnyTypeCode.dll" BaseAddress="0x4d5e0000" Size="0x00090000" TimeStamp="02/20/2018 20:39:16" FileVersion="2.4.6.0" ProductVersion="2.4.6.0"/><Module FullPath="C:\Program Files\AnsysEM\AnsysEM19.2\Win64\productbasedll.dll" BaseAddress="0x06520000" Size="0x00623000" TimeStamp="07/24/2018 22:15:52" FileVersion="2018.2.0.1" ProductVersion="2018.2.0.0"/><Module FullPath="C:\Windows\System32\mfc140u.dll" BaseAddress="0x43ad0000" Size="0x00593000" TimeStamp="06/20/2019 18:05:54" FileVersion="14.22.27821.0" ProductVersion="14.22.27821.0"/><Module FullPath="C:\Program Files\AnsysEM\AnsysEM19.2\Win64\modulebase.dll" BaseAddress="0x06b50000" Size="0x0004f000" TimeStamp="07/24/2018 22:12:42" FileVersion="2018.2.0.1" ProductVersion="2018.2.0.0"/><Module FullPath="C:\Program Files\AnsysEM\AnsysEM19.2\Win64\boost_regex-vc140-mt-1_63.dll" BaseAddress="0x4a830000" Size="0x000f9000" TimeStamp="02/26/2018 12:13:12" FileVersion="0.0.0.0" ProductVersion="0.0.0.0"/><Module FullPath="C:\Program Files\AnsysEM\AnsysEM19.2\Win64\managerbase.dll" BaseAddress="0x06bb0000" Size="0x00034000" TimeStamp="07/24/2018 22:11:06" FileVersion="2018.2.0.1" ProductVersion="2018.2.0.0"/><Module FullPath="C:\Program Files\AnsysEM\AnsysEM19.2\Win64\HFResources.dll" BaseAddress="0x06c10000" Size="0x00178000" TimeStamp="07/24/2018 22:22:02" FileVersion="2018.2.0.1" ProductVersion="2018.2.0.0"/><Module FullPath="C:\Program Files\AnsysEM\AnsysEM19.2\Win64\tdr.dll" BaseAddress="0x06da0000" Size="0x0007b000" TimeStamp="07/24/2018 22:19:36" FileVersion="2018.2.0.1" ProductVersion="2018.2.0.0"/><Module FullPath="C:\Program Files\AnsysEM\AnsysEM19.2\Win64\mkl_intel_thread.dll" BaseAddress="0x3f2b0000" Size="0x01952000" TimeStamp="07/20/2017 11:53:56" FileVersion="2018.0.0.1" ProductVersion="0.0.0.0"/><Module FullPath="C:\Program Files\AnsysEM\AnsysEM19.2\Win64\datalinkdll.dll" BaseAddress="0x06e30000" Size="0x00060000" TimeStamp="07/24/2018 22:12:32" FileVersion="2018.2.0.1" ProductVersion="2018.2.0.0"/><Module FullPath="C:\Program Files\AnsysEM\AnsysEM19.2\Win64\ExtSimTCPIPComm.dll" BaseAddress="0x06e90000" Size="0x00024000" TimeStamp="07/24/2018 23:09:18" FileVersion="2018.2.0.1" ProductVersion="2018.2.0.0"/><Module FullPath="C:\Program Files\AnsysEM\AnsysEM19.2\Win64\standalone_state_space_fitter.dll" BaseAddress="0x49c50000" Size="0x0029f000" TimeStamp="07/24/2018 22:23:02" FileVersion="0.0.0.0" ProductVersion="0.0.0.0"/><Module FullPath="C:\Program Files\AnsysEM\AnsysEM19.2\Win64\boost_timer-vc140-mt-1_63.dll" BaseAddress="0x625b0000" Size="0x0000d000" TimeStamp="02/26/2018 12:14:28" FileVersion="0.0.0.0" ProductVersion="0.0.0.0"/><Module FullPath="C:\Program Files\AnsysEM\AnsysEM19.2\Win64\view3d.dll" BaseAddress="0x06ef0000" Size="0x00152000" TimeStamp="07/24/2018 22:12:54" FileVersion="2018.2.0.1" ProductVersion="2018.2.0.0"/><Module FullPath="C:\Program Files\AnsysEM\AnsysEM19.2\Win64\libgmp-10.dll" BaseAddress="0x6acc0000" Size="0x00073000" TimeStamp="02/08/2018 11:10:44" FileVersion="5.0.1.0" ProductVersion="5.0.1.0"/><Module FullPath="C:\Windows\System32\glu32.dll" BaseAddress="0x56bb0000" Size="0x0002d000" TimeStamp="07/16/2016 13:42:43" FileVersion="6.2.14393.0" ProductVersion="10.0.14393.0"/><Module FullPath="C:\Program Files\AnsysEM\AnsysEM19.2\Win64\libmpfr-4.dll" BaseAddress="0x6f540000" Size="0x00061000" TimeStamp="02/08/2018 11:10:44" FileVersion="3.0.0.0" ProductVersion="3.0.0.0"/><Module FullPath="C:\Program Files\AnsysEM\AnsysEM19.2\Win64\CGAL-vc140-mt-4.9.dll" BaseAddress="0x56890000" Size="0x00031000" TimeStamp="02/08/2018 11:46:58" FileVersion="4.9.0.1000" ProductVersion="4.9.0.1000"/><Module FullPath="C:\Windows\System32\msvcr110.dll" BaseAddress="0x52970000" Size="0x000d4000" TimeStamp="11/05/2012 21:26:22" FileVersion="11.0.51106.1" ProductVersion="11.0.51106.1"/><Module FullPath="C:\Windows\System32\IPHLPAPI.DLL" BaseAddress="0x66cf0000" Size="0x00038000" TimeStamp="06/12/2018 03:33:42" FileVersion="6.2.14393.2339" ProductVersion="10.0.14393.2339"/><Module FullPath="C:\Windows\System32\winhttp.dll" BaseAddress="0x60a20000" Size="0x000cc000" TimeStamp="03/06/2019 08:03:27" FileVersion="6.2.14393.2848" ProductVersion="10.0.14393.2848"/><Module FullPath="C:\Windows\System32\opengl32.dll" BaseAddress="0x48a10000" Size="0x00123000" TimeStamp="07/16/2016 13:42:43" FileVersion="6.2.14393.0" ProductVersion="10.0.14393.0"/><Module FullPath="C:\Windows\System32\avifil32.dll" BaseAddress="0x5a5b0000" Size="0x00020000" TimeStamp="07/16/2016 13:42:21" FileVersion="6.2.14393.0" ProductVersion="10.0.14393.0"/><Module FullPath="C:\Program Files\AnsysEM\AnsysEM19.2\Win64\glew32.dll" BaseAddress="0x5f3f0000" Size="0x0006a000" TimeStamp="02/18/2015 18:00:04" FileVersion="1.10.0.0" ProductVersion="1.10.0.0"/><Module FullPath="C:\Program Files\AnsysEM\AnsysEM19.2\Win64\boost_thread-vc140-mt-1_63.dll" BaseAddress="0x567d0000" Size="0x00022000" TimeStamp="02/26/2018 12:12:56" FileVersion="0.0.0.0" ProductVersion="0.0.0.0"/><Module FullPath="C:\Windows\System32\mswsock.dll" BaseAddress="0x66fb0000" Size="0x0005c000" TimeStamp="07/16/2016 13:42:27" FileVersion="6.2.14393.0" ProductVersion="10.0.14393.0"/><Module FullPath="C:\Windows\System32\winspool.drv" BaseAddress="0x629a0000" Size="0x00086000" TimeStamp="03/06/2019 08:04:31" FileVersion="6.2.14393.2848" ProductVersion="10.0.14393.2848"/><Module FullPath="C:\Windows\System32\odbc32.dll" BaseAddress="0x4d530000" Size="0x000af000" TimeStamp="11/26/2019 07:41:02" FileVersion="6.2.14393.3383" ProductVersion="10.0.14393.3383"/><Module FullPath="C:\Windows\System32\winmm.dll" BaseAddress="0x65a90000" Size="0x00023000" TimeStamp="07/16/2016 13:42:22" FileVersion="6.2.14393.0" ProductVersion="10.0.14393.0"/><Module FullPath="C:\Windows\System32\oleacc.dll" BaseAddress="0x62930000" Size="0x00065000" TimeStamp="05/04/2019 06:32:39" FileVersion="7.2.14393.2969" ProductVersion="10.0.14393.2969"/><Module FullPath="C:\Program Files\AnsysEM\AnsysEM19.2\Win64\boost_random-vc140-mt-1_63.dll" BaseAddress="0x5cf90000" Size="0x0000c000" TimeStamp="02/26/2018 12:14:12" FileVersion="0.0.0.0" ProductVersion="0.0.0.0"/><Module FullPath="C:\Program Files\AnsysEM\AnsysEM19.2\Win64\RWUXThemeS14.dll" BaseAddress="0x07080000" Size="0x00026000" TimeStamp="09/19/2017 16:43:52" FileVersion="12.2.0.0" ProductVersion="12.2.0.0"/><Module FullPath="C:\Windows\System32\mscoree.dll" BaseAddress="0x59b50000" Size="0x00066000" TimeStamp="07/16/2016 13:43:06" FileVersion="6.2.14393.0" ProductVersion="10.0.14393.0"/><Module FullPath="C:\Windows\WinSxS\amd64_microsoft.windows.common-controls_6595b64144ccf1df_6.0.14393.3053_none_7de042968342015d\comctl32.dll" BaseAddress="0x5c9d0000" Size="0x0027a000" TimeStamp="06/13/2019 07:14:48" FileVersion="6.10.14393.3053" ProductVersion="10.0.14393.3053"/><Module FullPath="C:\Program Files\AnsysEM\AnsysEM19.2\Win64\AnsPlot.dll" BaseAddress="0x070c0000" Size="0x00883000" TimeStamp="07/24/2018 22:15:14" FileVersion="2018.2.0.1" ProductVersion="2018.2.0.0"/><Module FullPath="C:\Program Files\AnsysEM\AnsysEM19.2\Win64\reporter.dll" BaseAddress="0x07950000" Size="0x00070000" TimeStamp="07/24/2018 22:12:52" FileVersion="2018.2.0.1" ProductVersion="2018.2.0.0"/><Module FullPath="C:\Program Files\AnsysEM\AnsysEM19.2\Win64\mkl_core.dll" BaseAddress="0x3d800000" Size="0x01aac000" TimeStamp="07/20/2017 11:53:56" FileVersion="2018.0.0.1" ProductVersion="0.0.0.0"/><Module FullPath="C:\Program Files\AnsysEM\AnsysEM19.2\Win64\libiomp5md.dll" BaseAddress="0x47650000" Size="0x00177000" TimeStamp="12/22/2017 16:28:34" FileVersion="5.0.2017.308" ProductVersion="5.0.2017.308"/><Module FullPath="C:\Program Files\AnsysEM\AnsysEM19.2\Win64\boost_chrono-vc140-mt-1_63.dll" BaseAddress="0x5c7e0000" Size="0x0000d000" TimeStamp="02/26/2018 12:14:34" FileVersion="0.0.0.0" ProductVersion="0.0.0.0"/><Module FullPath="C:\Windows\System32\msvfw32.dll" BaseAddress="0x56540000" Size="0x00029000" TimeStamp="07/16/2016 13:42:21" FileVersion="6.2.14393.0" ProductVersion="10.0.14393.0"/><Module FullPath="C:\Windows\System32\ddraw.dll" BaseAddress="0x487a0000" Size="0x000f7000" TimeStamp="03/04/2017 08:26:45" FileVersion="6.2.14393.953" ProductVersion="10.0.14393.953"/><Module FullPath="C:\Windows\System32\msacm32.dll" BaseAddress="0x42e00000" Size="0x0001c000" TimeStamp="07/16/2016 13:42:22" FileVersion="6.2.14393.0" ProductVersion="10.0.14393.0"/><Module FullPath="C:\Windows\System32\bcrypt.dll" BaseAddress="0x67270000" Size="0x0002b000" TimeStamp="05/04/2019 07:18:20" FileVersion="6.2.14393.2969" ProductVersion="10.0.14393.2969"/><Module FullPath="C:\Windows\System32\dpapi.dll" BaseAddress="0x66bb0000" Size="0x0000a000" TimeStamp="07/16/2016 13:42:27" FileVersion="6.2.14393.0" ProductVersion="10.0.14393.0"/><Module FullPath="C:\Windows\System32\WINMMBASE.dll" BaseAddress="0x079e0000" Size="0x0002b000" TimeStamp="07/16/2016 13:42:22" FileVersion="6.2.14393.0" ProductVersion="10.0.14393.0"/><Module FullPath="C:\Windows\System32\sspicli.dll" BaseAddress="0x67390000" Size="0x0002c000" TimeStamp="10/10/2018 10:30:28" FileVersion="6.2.14393.2580" ProductVersion="10.0.14393.2580"/><Module FullPath="C:\Windows\System32\dbgcore.dll" BaseAddress="0x59b20000" Size="0x00029000" TimeStamp="07/16/2016 13:42:31" FileVersion="6.2.14321.1024" ProductVersion="10.0.14321.1024"/><Module FullPath="C:\Windows\System32\netutils.dll" BaseAddress="0x66d30000" Size="0x0000d000" TimeStamp="07/16/2016 13:42:27" FileVersion="6.2.14393.0" ProductVersion="10.0.14393.0"/><Module FullPath="C:\Windows\System32\dciman32.dll" BaseAddress="0x5b440000" Size="0x00008000" TimeStamp="07/16/2016 13:42:23" FileVersion="6.2.14393.0" ProductVersion="10.0.14393.0"/><Module FullPath="C:\Windows\System32\dwmapi.dll" BaseAddress="0x653e0000" Size="0x00026000" TimeStamp="09/15/2016 19:07:28" FileVersion="6.2.14393.206" ProductVersion="10.0.14393.206"/><Module FullPath="C:\Windows\System32\msimg32.dll" BaseAddress="0x62cc0000" Size="0x00007000" TimeStamp="07/16/2016 13:42:23" FileVersion="6.2.14393.0" ProductVersion="10.0.14393.0"/><Module FullPath="C:\Windows\System32\DriverStore\FileRepository\nv_dispi.inf_amd64_5601d21ccd639df9\nvoglv64.dll" BaseAddress="0x5d200000" Size="0x021ea000" TimeStamp="01/09/2018 06:00:00" FileVersion="23.21.13.9065" ProductVersion="23.21.13.9065"/><Module FullPath="C:\Windows\System32\setupapi.dll" BaseAddress="0x6a410000" Size="0x00429000" TimeStamp="10/25/2018 06:01:53" FileVersion="6.2.14393.2608" ProductVersion="10.0.14393.2608"/><Module FullPath="C:\Windows\System32\devobj.dll" BaseAddress="0x66350000" Size="0x00028000" TimeStamp="07/16/2016 13:42:27" FileVersion="6.2.14393.0" ProductVersion="10.0.14393.0"/><Module FullPath="C:\Windows\System32\ntmarta.dll" BaseAddress="0x66310000" Size="0x00032000" TimeStamp="07/16/2016 13:42:27" FileVersion="6.2.14393.0" ProductVersion="10.0.14393.0"/><Module FullPath="C:\Windows\System32\nvspcap64.dll" BaseAddress="0x625e0000" Size="0x00254000" TimeStamp="01/09/2018 06:00:00" FileVersion="3.11.0.73" ProductVersion="3.11.0.73"/><Module FullPath="C:\Windows\System32\riched32.dll" BaseAddress="0x5b3e0000" Size="0x00007000" TimeStamp="07/16/2016 13:42:43" FileVersion="6.2.14393.0" ProductVersion="10.0.14393.0"/><Module FullPath="C:\Windows\System32\riched20.dll" BaseAddress="0x4a790000" Size="0x00096000" TimeStamp="07/16/2016 13:42:43" FileVersion="5.31.23.1231" ProductVersion="5.0.0.0"/><Module FullPath="C:\Windows\System32\usp10.dll" BaseAddress="0x5c7f0000" Size="0x00019000" TimeStamp="10/17/2019 07:46:09" FileVersion="6.2.14393.3321" ProductVersion="10.0.14393.3321"/><Module FullPath="C:\Windows\System32\msls31.dll" BaseAddress="0x55f80000" Size="0x00039000" TimeStamp="07/16/2016 13:42:37" FileVersion="3.10.349.0" ProductVersion="3.10.0.0"/><Module FullPath="C:\Windows\System32\NapiNSP.dll" BaseAddress="0x5a970000" Size="0x00016000" TimeStamp="07/16/2016 13:42:12" FileVersion="6.2.14393.0" ProductVersion="10.0.14393.0"/><Module FullPath="C:\Windows\System32\pnrpnsp.dll" BaseAddress="0x5a5f0000" Size="0x0001a000" TimeStamp="07/16/2016 13:43:08" FileVersion="6.2.14393.0" ProductVersion="10.0.14393.0"/><Module FullPath="C:\Windows\System32\nlaapi.dll" BaseAddress="0x65460000" Size="0x00018000" TimeStamp="07/26/2019 05:25:38" FileVersion="6.2.14393.3143" ProductVersion="10.0.14393.3143"/><Module FullPath="C:\Windows\System32\dnsapi.dll" BaseAddress="0x66d40000" Size="0x000a2000" TimeStamp="05/21/2019 06:09:11" FileVersion="6.2.14393.2999" ProductVersion="10.0.14393.2999"/><Module FullPath="C:\Windows\System32\winrnr.dll" BaseAddress="0x5a290000" Size="0x0000e000" TimeStamp="07/16/2016 13:42:19" FileVersion="6.2.14393.0" ProductVersion="10.0.14393.0"/><Module FullPath="C:\Program Files\National Instruments\Shared\mDNS Responder\nimdnsNSP.dll" BaseAddress="0x623d0000" Size="0x0000a000" TimeStamp="03/07/2017 22:21:34" FileVersion="215.0.2.49152" ProductVersion="215.0.2.49152"/><Module FullPath="C:\Windows\System32\nimdnsResponder.dll" BaseAddress="0x623c0000" Size="0x00010000" TimeStamp="03/07/2017 22:21:34" FileVersion="215.0.2.49152" ProductVersion="215.0.2.49152"/><Module FullPath="C:\Program Files\AnsysEM\AnsysEM19.2\Win64\featuremgr.DLL" BaseAddress="0x55d30000" Size="0x0002d000" TimeStamp="07/24/2018 22:08:58" FileVersion="0.0.0.0" ProductVersion="0.0.0.0"/><Module FullPath="C:\Windows\System32\dhcpcsvc6.DLL" BaseAddress="0x63750000" Size="0x00016000" TimeStamp="07/16/2016 13:42:27" FileVersion="6.2.14393.0" ProductVersion="10.0.14393.0"/><Module FullPath="C:\Windows\System32\FWPUCLNT.DLL" BaseAddress="0x60b10000" Size="0x0006a000" TimeStamp="07/16/2016 13:42:09" FileVersion="6.2.14393.0" ProductVersion="10.0.14393.0"/><Module FullPath="C:\Windows\System32\rasadhlp.dll" BaseAddress="0x62a30000" Size="0x0000a000" TimeStamp="07/16/2016 13:42:04" FileVersion="6.2.14393.0" ProductVersion="10.0.14393.0"/><Module FullPath="C:\Windows\Microsoft.NET\Framework64\v4.0.30319\mscoreei.dll" BaseAddress="0x58af0000" Size="0x0009c000" TimeStamp="08/15/2019 07:27:06" FileVersion="4.7.3468.0" ProductVersion="4.0.30319.0"/><Module FullPath="C:\Windows\Microsoft.NET\Framework64\v4.0.30319\clr.dll" BaseAddress="0x430e0000" Size="0x009ee000" TimeStamp="08/15/2019 07:27:04" FileVersion="4.7.3468.0" ProductVersion="4.0.30319.0"/><Module FullPath="C:\Windows\System32\MSVCR120_CLR0400.dll" BaseAddress="0x468c0000" Size="0x000f7000" TimeStamp="02/16/2018 04:41:24" FileVersion="12.0.52519.0" ProductVersion="12.0.52519.0"/><Module FullPath="C:\Windows\assembly\NativeImages_v4.0.30319_64\mscorlib\5748a97e77ef4e55dc65fc7d20d480e3\mscorlib.ni.dll" BaseAddress="0x3c260000" Size="0x01591000" TimeStamp="08/15/2019 07:27:07" FileVersion="4.7.3468.0" ProductVersion="4.0.30319.0"/><Module FullPath="C:\Windows\Microsoft.NET\Framework64\v4.0.30319\clrjit.dll" BaseAddress="0x484d0000" Size="0x0012b000" TimeStamp="08/15/2019 07:27:05" FileVersion="4.7.3468.0" ProductVersion="4.0.30319.0"/><Module FullPath="C:\Program Files\AnsysEM\AnsysEM19.2\Win64\AnsoftCOMSchedulerPluginDll.dll" BaseAddress="0x09eb0000" Size="0x00012000" TimeStamp="07/24/2018 22:13:08" FileVersion="0.0.0.0" ProductVersion="0.0.0.0"/><Module FullPath="C:\Program Files\AnsysEM\AnsysEM19.2\Win64\apdlinks.dll" BaseAddress="0x0dfa0000" Size="0x007b0000" TimeStamp="07/24/2018 23:17:14" FileVersion="0.0.0.0" ProductVersion="0.0.0.0"/><Module FullPath="C:\Program Files\AnsysEM\AnsysEM19.2\Win64\ExternalLinkBase.dll" BaseAddress="0x0e750000" Size="0x00230000" TimeStamp="07/24/2018 23:13:14" FileVersion="1.0.0.1" ProductVersion="1.0.0.1"/><Module FullPath="C:\Windows\System32\msctf.dll" BaseAddress="0x69e80000" Size="0x0015b000" TimeStamp="11/26/2019 08:26:42" FileVersion="6.2.14393.3383" ProductVersion="10.0.14393.3383"/><Module FullPath="C:\Windows\System32\clbcatq.dll" BaseAddress="0x68820000" Size="0x0009f000" TimeStamp="07/16/2016 13:42:17" FileVersion="2001.12.10941.16384" ProductVersion="10.0.14393.0"/><Module FullPath="C:\Windows\System32\icmp.dll" BaseAddress="0x094c0000" Size="0x00003000" TimeStamp="07/16/2016 13:42:23" FileVersion="6.2.14393.0" ProductVersion="10.0.14393.0"/><Module FullPath="C:\Windows\System32\dataexchange.dll" BaseAddress="0x522d0000" Size="0x00049000" TimeStamp="08/23/2018 05:36:24" FileVersion="6.2.14393.2457" ProductVersion="10.0.14393.2457"/><Module FullPath="C:\Windows\System32\d3d11.dll" BaseAddress="0x63f10000" Size="0x002b6000" TimeStamp="08/31/2019 03:50:39" FileVersion="6.2.14393.3204" ProductVersion="10.0.14393.3204"/><Module FullPath="C:\Windows\System32\dcomp.dll" BaseAddress="0x65930000" Size="0x00151000" TimeStamp="08/23/2018 06:21:41" FileVersion="6.2.14393.2457" ProductVersion="10.0.14393.2457"/><Module FullPath="C:\Windows\System32\dxgi.dll" BaseAddress="0x666e0000" Size="0x0009f000" TimeStamp="08/23/2018 06:21:51" FileVersion="6.2.14393.2457" ProductVersion="10.0.14393.2457"/><Module FullPath="C:\Windows\System32\twinapi.appcore.dll" BaseAddress="0x66170000" Size="0x0011c000" TimeStamp="05/04/2019 07:18:32" FileVersion="6.2.14393.2969" ProductVersion="10.0.14393.2969"/><Module FullPath="C:\Windows\System32\WindowsCodecs.dll" BaseAddress="0x64c30000" Size="0x001a8000" TimeStamp="05/04/2019 07:18:26" FileVersion="6.2.14393.2969" ProductVersion="10.0.14393.2969"/><Module FullPath="C:\Program Files\AnsysEM\AnsysEM19.2\Win64\optimetrics.DLL" BaseAddress="0x10a00000" Size="0x0037a000" TimeStamp="07/24/2018 22:16:32" FileVersion="2018.2.0.1" ProductVersion="2018.2.0.0"/><Module FullPath="C:\Program Files\AnsysEM\AnsysEM19.2\Win64\DXLibWrapper.dll" BaseAddress="0x52de0000" Size="0x00053000" TimeStamp="06/11/2018 02:01:20" FileVersion="0.0.0.0" ProductVersion="0.0.0.0"/><Module FullPath="C:\Program Files\AnsysEM\AnsysEM19.2\Win64\DXCoreDll.dll" BaseAddress="0x09a50000" Size="0x0024f000" TimeStamp="06/11/2018 02:01:20" FileVersion="19.1.0.36807" ProductVersion="19.1.0.0"/><Module FullPath="C:\Program Files\AnsysEM\AnsysEM19.2\Win64\DXCoreConfig.dll" BaseAddress="0x0a320000" Size="0x0000a000" TimeStamp="06/11/2018 02:01:20" FileVersion="19.1.0.36807" ProductVersion="19.1.0.0"/><Module FullPath="C:\Program Files\AnsysEM\AnsysEM19.2\Win64\DXROM.dll" BaseAddress="0x0cae0000" Size="0x00073000" TimeStamp="06/11/2018 02:01:20" FileVersion="19.1.0.36807" ProductVersion="19.1.0.0"/><Module FullPath="C:\Program Files\AnsysEM\AnsysEM19.2\Win64\DXCadoe.dll" BaseAddress="0x10d80000" Size="0x00684000" TimeStamp="06/11/2018 02:01:20" FileVersion="19.1.0.36807" ProductVersion="19.1.0.0"/><Module FullPath="C:\Program Files\AnsysEM\AnsysEM19.2\Win64\libifcoremd.dll" BaseAddress="0x46100000" Size="0x001c8000" TimeStamp="12/22/2017 16:28:34" FileVersion="17.0.1.0" ProductVersion="17.0.1.0"/><Module FullPath="C:\Program Files\AnsysEM\AnsysEM19.2\Win64\libmmd.dll" BaseAddress="0x42aa0000" Size="0x0035a000" TimeStamp="12/22/2017 16:28:34" FileVersion="17.0.0.0" ProductVersion="17.0.0.0"/><Module FullPath="C:\Windows\System32\imagehlp.dll" BaseAddress="0x6a3f0000" Size="0x0001c000" TimeStamp="07/16/2016 13:42:27" FileVersion="6.2.14393.0" ProductVersion="10.0.14393.0"/><Module FullPath="C:\Windows\System32\vcomp140.dll" BaseAddress="0x55c70000" Size="0x00029000" TimeStamp="06/20/2019 18:06:02" FileVersion="14.22.27821.0" ProductVersion="14.22.27821.0"/><Module FullPath="C:\Program Files\AnsysEM\AnsysEM19.2\Win64\mkl_rt.dll" BaseAddress="0x3b530000" Size="0x00d26000" TimeStamp="07/20/2017 11:53:58" FileVersion="2018.0.0.1" ProductVersion="0.0.0.0"/><Module FullPath="C:\Program Files\AnsysEM\AnsysEM19.2\Win64\hfsslib.dll" BaseAddress="0x2a270000" Size="0x017ff000" TimeStamp="07/24/2018 23:04:54" FileVersion="2018.2.0.1" ProductVersion="2018.2.0.0"/><Module FullPath="C:\Program Files\AnsysEM\AnsysEM19.2\Win64\materialmodeler.dll" BaseAddress="0x59eb0000" Size="0x00016000" TimeStamp="07/24/2018 22:24:30" FileVersion="0.0.0.0" ProductVersion="0.0.0.0"/><Module FullPath="C:\Program Files\AnsysEM\AnsysEM19.2\Win64\DSOManager.dll" BaseAddress="0x114b0000" Size="0x00069000" TimeStamp="07/24/2018 22:20:54" FileVersion="2018.2.0.1" ProductVersion="2018.2.0.0"/><Module FullPath="C:\Program Files\AnsysEM\AnsysEM19.2\Win64\empostdll.dll" BaseAddress="0x11730000" Size="0x0038e000" TimeStamp="07/24/2018 22:26:10" FileVersion="2018.2.0.1" ProductVersion="2018.2.0.0"/><Module FullPath="C:\Program Files\AnsysEM\AnsysEM19.2\Win64\em_moduledll.dll" BaseAddress="0x2ba70000" Size="0x00aa3000" TimeStamp="07/24/2018 22:35:50" FileVersion="2018.2.0.1" ProductVersion="2018.2.0.0"/><Module FullPath="C:\Program Files\AnsysEM\AnsysEM19.2\Win64\FieldsCalculatorUI.dll" BaseAddress="0x115c0000" Size="0x000e4000" TimeStamp="07/24/2018 22:26:52" FileVersion="2018.2.0.1" ProductVersion="2018.2.0.0"/><Module FullPath="C:\Program Files\AnsysEM\AnsysEM19.2\Win64\HFProductBase.dll" BaseAddress="0x11ac0000" Size="0x002b7000" TimeStamp="07/24/2018 22:41:02" FileVersion="2018.2.0.1" ProductVersion="2018.2.0.0"/><Module FullPath="C:\Program Files\AnsysEM\AnsysEM19.2\Win64\hfssbase.dll" BaseAddress="0x2c520000" Size="0x00405000" TimeStamp="07/24/2018 22:47:50" FileVersion="2018.2.0.1" ProductVersion="2018.2.0.0"/><Module FullPath="C:\Program Files\AnsysEM\AnsysEM19.2\Win64\SweepRange.dll" BaseAddress="0x11520000" Size="0x0002d000" TimeStamp="07/24/2018 22:26:04" FileVersion="0.0.0.0" ProductVersion="0.0.0.0"/><Module FullPath="C:\Program Files\AnsysEM\AnsysEM19.2\Win64\qd.dll" BaseAddress="0x4ccf0000" Size="0x00067000" TimeStamp="02/18/2015 18:12:46" FileVersion="0.0.0.0" ProductVersion="0.0.0.0"/><Module FullPath="C:\Program Files\AnsysEM\AnsysEM19.2\Win64\UserDefinedDocuments.dll" BaseAddress="0x47b30000" Size="0x000da000" TimeStamp="07/24/2018 22:25:04" FileVersion="0.0.0.0" ProductVersion="0.0.0.0"/><Module FullPath="C:\Program Files\AnsysEM\AnsysEM19.2\Win64\tbbmalloc.dll" BaseAddress="0x50560000" Size="0x00059000" TimeStamp="02/23/2015 11:40:14" FileVersion="4.3.2014.1203" ProductVersion="4.3.2014.1203"/><Module FullPath="C:\Program Files\AnsysEM\AnsysEM19.2\Win64\reportsetup.DLL" BaseAddress="0x2d900000" Size="0x001a1000" TimeStamp="07/24/2018 22:14:50" FileVersion="2018.2.0.1" ProductVersion="2018.2.0.0"/><Module FullPath="C:\Program Files\AnsysEM\AnsysEM19.2\Win64\reportsetupui.DLL" BaseAddress="0x2dac0000" Size="0x0013a000" TimeStamp="07/24/2018 22:14:14" FileVersion="2018.2.0.1" ProductVersion="2018.2.0.0"/><Module FullPath="C:\Program Files\AnsysEM\AnsysEM19.2\Win64\meshsetup.DLL" BaseAddress="0x2dc00000" Size="0x001e3000" TimeStamp="07/24/2018 22:42:04" FileVersion="2018.2.0.1" ProductVersion="2018.2.0.0"/><Module FullPath="C:\Program Files\AnsysEM\AnsysEM19.2\Win64\fieldspostprocessor.DLL" BaseAddress="0x2de10000" Size="0x0028d000" TimeStamp="07/24/2018 22:37:12" FileVersion="2018.2.0.1" ProductVersion="2018.2.0.0"/><Module FullPath="C:\Program Files\AnsysEM\AnsysEM19.2\Win64\plot3d.dll" BaseAddress="0x2e0b0000" Size="0x00075000" TimeStamp="07/24/2018 22:11:42" FileVersion="2018.2.0.1" ProductVersion="2018.2.0.0"/><Module FullPath="C:\Program Files\AnsysEM\AnsysEM19.2\Win64\radfield.dll" BaseAddress="0x2e140000" Size="0x0031a000" TimeStamp="07/31/2018 11:03:20" FileVersion="2018.2.0.1" ProductVersion="2018.2.0.0"/><Module FullPath="C:\Program Files\AnsysEM\AnsysEM19.2\Win64\ensemble.dll" BaseAddress="0x2e490000" Size="0x020e9000" TimeStamp="07/24/2018 23:23:04" FileVersion="2018.2.0.1" ProductVersion="2018.2.0.0"/><Module FullPath="C:\Program Files\AnsysEM\AnsysEM19.2\Win64\CustomSimSetupBase.dll" BaseAddress="0x46800000" Size="0x000b2000" TimeStamp="07/24/2018 23:13:28" FileVersion="0.0.0.0" ProductVersion="0.0.0.0"/><Module FullPath="C:\Program Files\AnsysEM\AnsysEM19.2\Win64\fieldspostng.dll" BaseAddress="0x30d70000" Size="0x0003e000" TimeStamp="07/24/2018 22:25:20" FileVersion="2018.2.0.1" ProductVersion="2018.2.0.0"/><Module FullPath="C:\Program Files\AnsysEM\AnsysEM19.2\Win64\HierarchyProductBase.dll" BaseAddress="0x30590000" Size="0x007d7000" TimeStamp="07/24/2018 23:00:54" FileVersion="2018.2.0.1" ProductVersion="2018.2.0.0"/><Module FullPath="C:\Program Files\AnsysEM\AnsysEM19.2\Win64\tbb.dll" BaseAddress="0x4d910000" Size="0x00052000" TimeStamp="02/23/2015 11:40:14" FileVersion="4.3.2014.1203" ProductVersion="4.3.2014.1203"/><Module FullPath="C:\Program Files\AnsysEM\AnsysEM19.2\Win64\zlibwapi.dll" BaseAddress="0x54720000" Size="0x00022000" TimeStamp="07/31/2017 14:44:46" FileVersion="1.2.11.0" ProductVersion="1.2.11.0"/><Module FullPath="C:\Windows\System32\msvcp110.dll" BaseAddress="0x52c90000" Size="0x000a7000" TimeStamp="11/05/2012 21:26:22" FileVersion="11.0.51106.1" ProductVersion="11.0.51106.1"/><Module FullPath="C:\Program Files\AnsysEM\AnsysEM19.2\Win64\designmanager.DLL" BaseAddress="0x30de0000" Size="0x00516000" TimeStamp="07/24/2018 22:12:54" FileVersion="2018.2.0.1" ProductVersion="2018.2.0.0"/><Module FullPath="C:\Program Files\AnsysEM\AnsysEM19.2\Win64\HFIE.dll" BaseAddress="0x32340000" Size="0x00dc0000" TimeStamp="07/24/2018 22:59:22" FileVersion="2018.2.0.1" ProductVersion="2018.2.0.0"/><Module FullPath="C:\Program Files\AnsysEM\AnsysEM19.2\Win64\Q3D.dll" BaseAddress="0x33180000" Size="0x00d46000" TimeStamp="07/24/2018 22:54:26" FileVersion="2018.2.0.1" ProductVersion="2018.2.0.0"/><Module FullPath="C:\Program Files\AnsysEM\AnsysEM19.2\Win64\reducematrixui.dll" BaseAddress="0x46a10000" Size="0x00078000" TimeStamp="07/24/2018 22:37:06" FileVersion="0.0.0.0" ProductVersion="0.0.0.0"/><Module FullPath="C:\Program Files\AnsysEM\AnsysEM19.2\Win64\SpicelinkBase.dll" BaseAddress="0x33ee0000" Size="0x00444000" TimeStamp="07/24/2018 22:46:44" FileVersion="2018.2.0.1" ProductVersion="2018.2.0.0"/><Module FullPath="C:\Program Files\AnsysEM\AnsysEM19.2\Win64\Extractor2D.DLL" BaseAddress="0x353a0000" Size="0x00e73000" TimeStamp="07/24/2018 23:00:38" FileVersion="2018.2.0.1" ProductVersion="2018.2.0.0"/><Module FullPath="C:\Program Files\AnsysEM\AnsysEM19.2\Win64\altrasim.dll" BaseAddress="0x362b0000" Size="0x01ead000" TimeStamp="07/24/2018 23:20:44" FileVersion="2018.2.0.1" ProductVersion="2018.2.0.0"/><Module FullPath="C:\Program Files\AnsysEM\AnsysEM19.2\Win64\svml_dispmd.dll" BaseAddress="0x41bd0000" Size="0x00b1a000" TimeStamp="12/22/2017 16:28:34" FileVersion="17.0.0.0" ProductVersion="17.0.0.0"/><Module FullPath="C:\Program Files\AnsysEM\AnsysEM19.2\Win64\altrasimnetlist.DLL" BaseAddress="0x382d0000" Size="0x009fb000" TimeStamp="07/24/2018 23:19:08" FileVersion="2018.2.0.1" ProductVersion="2018.2.0.0"/><Module FullPath="C:\Program Files\AnsysEM\AnsysEM19.2\Win64\MaxwellLib.DLL" BaseAddress="0x38cd0000" Size="0x00c43000" TimeStamp="07/24/2018 23:03:44" FileVersion="2018.2.0.1" ProductVersion="2018.2.0.0"/><Module FullPath="C:\Program Files\AnsysEM\AnsysEM19.2\Win64\MaxwellBase.dll" BaseAddress="0x39920000" Size="0x0090a000" TimeStamp="07/24/2018 22:58:16" FileVersion="0.0.0.0" ProductVersion="0.0.0.0"/><Module FullPath="C:\Program Files\AnsysEM\AnsysEM19.2\Win64\Maxwell2DLib.DLL" BaseAddress="0x3b200000" Size="0x008eb000" TimeStamp="07/24/2018 23:03:02" FileVersion="2018.2.0.1" ProductVersion="2018.2.0.0"/><Module FullPath="C:\Program Files\AnsysEM\AnsysEM19.2\Win64\RMxprtLib.DLL" BaseAddress="0x3bb60000" Size="0x00534000" TimeStamp="07/24/2018 22:52:04" FileVersion="2018.2.0.1" ProductVersion="2018.2.0.0"/><Module FullPath="C:\Program Files\AnsysEM\AnsysEM19.2\Win64\MaxCirLib.DLL" BaseAddress="0x3c0f0000" Size="0x000a2000" TimeStamp="07/24/2018 23:02:36" FileVersion="2018.2.0.1" ProductVersion="2018.2.0.0"/><Module FullPath="C:\Program Files\AnsysEM\AnsysEM19.2\Win64\SimplorerLib.DLL" BaseAddress="0x3c1c0000" Size="0x00bd2000" TimeStamp="07/24/2018 23:53:36" FileVersion="2018.2.0.1" ProductVersion="2018.2.0.0"/><Module FullPath="C:\Program Files\AnsysEM\AnsysEM19.2\Win64\IcepakLib.DLL" BaseAddress="0x3cdc0000" Size="0x0105d000" TimeStamp="07/24/2018 22:57:24" FileVersion="2018.2.0.1" ProductVersion="2018.2.0.0"/><Module FullPath="C:\Program Files\AnsysEM\AnsysEM19.2\Win64\Emit.dll" BaseAddress="0x3ee50000" Size="0x00327000" TimeStamp="07/24/2018 23:25:18" FileVersion="1.0.0.1" ProductVersion="1.0.0.1"/><Module FullPath="C:\Program Files\AnsysEM\AnsysEM19.2\Win64\filterdesign.DLL" BaseAddress="0x3f190000" Size="0x003c4000" TimeStamp="07/24/2018 23:16:24" FileVersion="0.0.0.0" ProductVersion="0.0.0.0"/><Module FullPath="C:\Program Files\AnsysEM\AnsysEM19.2\Win64\report2d.dll" BaseAddress="0x3f570000" Size="0x000f5000" TimeStamp="07/24/2018 22:15:50" FileVersion="2018.2.0.1" ProductVersion="2018.2.0.0"/><Module FullPath="C:\Program Files\AnsysEM\AnsysEM19.2\Win64\report3d.dll" BaseAddress="0x3f680000" Size="0x00056000" TimeStamp="07/24/2018 22:13:50" FileVersion="2018.2.0.1" ProductVersion="2018.2.0.0"/><Module FullPath="C:\Program Files\AnsysEM\AnsysEM19.2\Win64\GraphicalPlot.DLL" BaseAddress="0x46780000" Size="0x0007d000" TimeStamp="07/24/2018 22:13:36" FileVersion="0.0.0.0" ProductVersion="0.0.0.0"/><Module FullPath="C:\Program Files\AnsysEM\AnsysEM19.2\Win64\schematic.DLL" BaseAddress="0x3f700000" Size="0x00ad9000" TimeStamp="07/24/2018 23:17:58" FileVersion="2018.2.0.1" ProductVersion="2018.2.0.0"/><Module FullPath="C:\Program Files\AnsysEM\AnsysEM19.2\Win64\netlist.dll" BaseAddress="0x40210000" Size="0x0004e000" TimeStamp="07/24/2018 23:18:02" FileVersion="2018.2.0.1" ProductVersion="2018.2.0.0"/><Module FullPath="C:\Program Files\AnsysEM\AnsysEM19.2\Win64\layout.dll" BaseAddress="0x40270000" Size="0x015f8000" TimeStamp="07/24/2018 23:21:20" FileVersion="0.0.0.0" ProductVersion="0.0.0.0"/><Module FullPath="C:\Program Files\AnsysEM\AnsysEM19.2\Win64\TD_Alloc_4.02_14.dll" BaseAddress="0x5b040000" Size="0x00008000" TimeStamp="12/21/2016 12:49:36" FileVersion="4.2.2.0" ProductVersion="4.2.2.0"/><Module FullPath="C:\Windows\System32\wsock32.dll" BaseAddress="0x59fa0000" Size="0x00009000" TimeStamp="07/16/2016 13:42:12" FileVersion="6.2.14393.0" ProductVersion="10.0.14393.0"/><Module FullPath="C:\Program Files\AnsysEM\AnsysEM19.2\Win64\TD_Db_4.02_14.dll" BaseAddress="0x3a8b0000" Size="0x00c73000" TimeStamp="12/21/2016 12:49:46" FileVersion="4.2.2.0" ProductVersion="4.2.2.0"/><Module FullPath="C:\Program Files\AnsysEM\AnsysEM19.2\Win64\PadstackEditor.dll" BaseAddress="0x41880000" Size="0x000dc000" TimeStamp="07/24/2018 22:29:08" FileVersion="0.0.0.0" ProductVersion="0.0.0.0"/><Module FullPath="C:\Program Files\AnsysEM\AnsysEM19.2\Win64\TD_Root_4.02_14.dll" BaseAddress="0x465d0000" Size="0x000e6000" TimeStamp="12/21/2016 12:50:40" FileVersion="4.2.2.0" ProductVersion="4.2.2.0"/><Module FullPath="C:\Program Files\AnsysEM\AnsysEM19.2\Win64\TD_DbRoot_4.02_14.dll" BaseAddress="0x46070000" Size="0x00088000" TimeStamp="12/21/2016 12:49:46" FileVersion="4.2.2.0" ProductVersion="4.2.2.0"/><Module FullPath="C:\Program Files\AnsysEM\AnsysEM19.2\Win64\TD_Ge_4.02_14.dll" BaseAddress="0x45090000" Size="0x00184000" TimeStamp="12/21/2016 12:50:14" FileVersion="4.2.2.0" ProductVersion="4.2.2.0"/><Module FullPath="C:\Program Files\AnsysEM\AnsysEM19.2\Win64\TD_Gi_4.02_14.dll" BaseAddress="0x42f00000" Size="0x001dc000" TimeStamp="12/21/2016 12:50:16" FileVersion="4.2.2.0" ProductVersion="4.2.2.0"/><Module FullPath="C:\Program Files\AnsysEM\AnsysEM19.2\Win64\TD_SpatialIndex_4.02_14.dll" BaseAddress="0x5a680000" Size="0x00010000" TimeStamp="12/21/2016 12:50:42" FileVersion="4.2.2.0" ProductVersion="4.2.2.0"/><Module FullPath="C:\Program Files\AnsysEM\AnsysEM19.2\Win64\sisl.dll" BaseAddress="0x42980000" Size="0x0011b000" TimeStamp="12/21/2016 12:49:28" FileVersion="4.2.2.0" ProductVersion="4.2.2.0"/><Module FullPath="C:\Program Files\AnsysEM\AnsysEM19.2\Win64\LayoutGeometry3D.DLL" BaseAddress="0x41310000" Size="0x0043f000" TimeStamp="07/24/2018 22:37:24" FileVersion="0.0.0.0" ProductVersion="0.0.0.0"/><Module FullPath="C:\Program Files\AnsysEM\AnsysEM19.2\Win64\cmodeleditor.DLL" BaseAddress="0x41980000" Size="0x00133000" TimeStamp="07/24/2018 23:18:12" FileVersion="2018.2.0.1" ProductVersion="2018.2.0.0"/><Module FullPath="C:\Program Files\AnsysEM\AnsysEM19.2\Win64\geometry3d.DLL" BaseAddress="0x41ae0000" Size="0x0216f000" TimeStamp="07/24/2018 22:16:34" FileVersion="2018.2.0.1" ProductVersion="2018.2.0.0"/><Module FullPath="C:\Windows\System32\urlmon.dll" BaseAddress="0x576e0000" Size="0x001c3000" TimeStamp="11/26/2019 07:39:36" FileVersion="11.0.14393.3383" ProductVersion="11.0.14393.3383"/><Module FullPath="C:\Windows\System32\iertutil.dll" BaseAddress="0x5efc0000" Size="0x002b1000" TimeStamp="11/26/2019 08:31:38" FileVersion="11.0.14393.3383" ProductVersion="11.0.14393.3383"/><Module FullPath="C:\Program Files\AnsysEM\AnsysEM19.2\Win64\Machine.dll" BaseAddress="0x43c60000" Size="0x00e3f000" TimeStamp="07/24/2018 22:46:46" FileVersion="2018.2.0.1" ProductVersion="2018.2.0.0"/><Module FullPath="C:\Program Files\AnsysEM\AnsysEM19.2\Win64\SmlModelEditor.DLL" BaseAddress="0x44ad0000" Size="0x00074000" TimeStamp="07/24/2018 23:51:08" FileVersion="2018.2.0.1" ProductVersion="2018.2.0.0"/><Module FullPath="C:\Program Files\AnsysEM\AnsysEM19.2\Win64\SpiceModelEditor.DLL" BaseAddress="0x44b70000" Size="0x00074000" TimeStamp="07/24/2018 23:51:06" FileVersion="2018.2.0.1" ProductVersion="2018.2.0.0"/><Module FullPath="C:\Program Files\AnsysEM\AnsysEM19.2\Win64\VhdlModelEditor.DLL" BaseAddress="0x44c10000" Size="0x000dd000" TimeStamp="07/24/2018 23:51:24" FileVersion="2018.2.0.1" ProductVersion="2018.2.0.0"/><Module FullPath="C:\Program Files\AnsysEM\AnsysEM19.2\Win64\VhdlPackageEditor.DLL" BaseAddress="0x44d10000" Size="0x00065000" TimeStamp="07/24/2018 23:51:04" FileVersion="2018.2.0.1" ProductVersion="2018.2.0.0"/><Module FullPath="C:\Program Files\AnsysEM\AnsysEM19.2\Win64\ModelicaModelEditor.DLL" BaseAddress="0x44da0000" Size="0x0013f000" TimeStamp="07/24/2018 23:51:26" FileVersion="2018.2.0.1" ProductVersion="2018.2.0.0"/><Module FullPath="C:\Program Files\AnsysEM\AnsysEM19.2\Win64\circuitmanager.DLL" BaseAddress="0x44f00000" Size="0x00d10000" TimeStamp="07/24/2018 23:14:12" FileVersion="2018.2.0.1" ProductVersion="2018.2.0.0"/><Module FullPath="C:\Program Files\AnsysEM\AnsysEM19.2\Win64\controls.ocx" BaseAddress="0x0b4f0000" Size="0x00075000" TimeStamp="07/24/2018 22:12:26" FileVersion="2018.2.0.1" ProductVersion="2018.2.0.0"/><Module FullPath="C:\Windows\System32\cryptsp.dll" BaseAddress="0x67160000" Size="0x00017000" TimeStamp="05/04/2019 07:17:32" FileVersion="6.2.14393.2969" ProductVersion="10.0.14393.2969"/><Module FullPath="C:\Windows\System32\rsaenh.dll" BaseAddress="0x66b70000" Size="0x00033000" TimeStamp="05/04/2019 07:17:54" FileVersion="6.2.14393.2969" ProductVersion="10.0.14393.2969"/><Module FullPath="C:\Windows\System32\CRYPTBASE.dll" BaseAddress="0x67180000" Size="0x0000b000" TimeStamp="07/16/2016 13:42:27" FileVersion="6.2.14393.0" ProductVersion="10.0.14393.0"/><Module FullPath="C:\Windows\assembly\NativeImages_v4.0.30319_64\System\5b7dbbbcadfa4d9eda1e3589ab390e4e\System.ni.dll" BaseAddress="0x39c60000" Size="0x00c44000" TimeStamp="10/03/2019 21:23:47" FileVersion="4.7.3451.0" ProductVersion="4.0.30319.0"/><Module FullPath="C:\Windows\assembly\NativeImages_v4.0.30319_64\System.Drawing\d37fc22f0d5a7852cd79f58e2e4a5a49\System.Drawing.ni.dll" BaseAddress="0x40ff0000" Size="0x001e9000" TimeStamp="10/03/2019 21:24:17" FileVersion="4.7.3062.0" ProductVersion="4.0.30319.0"/><Module FullPath="C:\Windows\assembly\NativeImages_v4.0.30319_64\System.Windows.Forms\69ea3244f358ea5c3e92ac4f96e8405f\System.Windows.Forms.ni.dll" BaseAddress="0x38d10000" Size="0x00f4d000" TimeStamp="11/13/2019 18:03:35" FileVersion="4.7.3324.0" ProductVersion="4.0.30319.0"/><Module FullPath="C:\Windows\assembly\NativeImages_v4.0.30319_64\System.Core\a95b514e8975737ea8910e3af6f031af\System.Core.ni.dll" BaseAddress="0x382c0000" Size="0x00a50000" TimeStamp="11/13/2019 18:02:57" FileVersion="4.7.3490.0" ProductVersion="4.0.30319.0"/><Module FullPath="C:\Windows\System32\wbem\wbemprox.dll" BaseAddress="0x5b2a0000" Size="0x00010000" TimeStamp="08/30/2018 22:53:43" FileVersion="6.2.14393.2515" ProductVersion="10.0.14393.2515"/><Module FullPath="C:\Windows\System32\wbemcomn.dll" BaseAddress="0x5c480000" Size="0x0007f000" TimeStamp="07/16/2016 13:42:31" FileVersion="6.2.14393.0" ProductVersion="10.0.14393.0"/><Module FullPath="C:\Windows\System32\wbem\wbemsvc.dll" BaseAddress="0x58430000" Size="0x00014000" TimeStamp="08/30/2018 22:53:32" FileVersion="6.2.14393.2515" ProductVersion="10.0.14393.2515"/><Module FullPath="C:\Windows\System32\wbem\fastprox.dll" BaseAddress="0x590f0000" Size="0x000f4000" TimeStamp="07/16/2016 13:42:31" FileVersion="6.2.14393.0" ProductVersion="10.0.14393.0"/><Module FullPath="C:\Program Files\AnsysEM\AnsysEM19.2\Win64\SimplorerCompEngine.DLL" BaseAddress="0x47ea0000" Size="0x004e1000" TimeStamp="07/24/2018 23:49:44" FileVersion="2018.2.0.167" ProductVersion="2018.2.0.0"/><Module FullPath="C:\Program Files\AnsysEM\AnsysEM19.2\Win64\ToolBox70.dll" BaseAddress="0x47cd0000" Size="0x00049000" TimeStamp="07/24/2018 23:44:10" FileVersion="2018.2.0.5" ProductVersion="2018.2.0.0"/><Module FullPath="C:\Program Files\AnsysEM\AnsysEM19.2\Win64\Sim2000.dll" BaseAddress="0x4a080000" Size="0x01cea000" TimeStamp="07/24/2018 23:46:00" FileVersion="2018.2.0.13" ProductVersion="2018.2.0.0"/><Module FullPath="C:\Program Files\AnsysEM\AnsysEM19.2\Win64\SMLCompiler.dll" BaseAddress="0x4bd70000" Size="0x060ad000" TimeStamp="07/24/2018 23:48:40" FileVersion="2018.2.0.451" ProductVersion="2018.2.0.0"/><Module FullPath="C:\Program Files\AnsysEM\AnsysEM19.2\Win64\SPICECOMPILER.dll" BaseAddress="0x51e20000" Size="0x03a1d000" TimeStamp="07/24/2018 23:48:54" FileVersion="2018.2.0.153" ProductVersion="2018.2.0.0"/><Module FullPath="C:\Program Files\AnsysEM\AnsysEM19.2\Win64\VHDLComp.dll" BaseAddress="0x48390000" Size="0x000b3000" TimeStamp="07/24/2018 23:48:18" FileVersion="2018.2.0.24" ProductVersion="2018.2.0.0"/><Module FullPath="C:\Program Files\AnsysEM\AnsysEM19.2\Win64\boost_serialization-vc140-mt-1_63.dll" BaseAddress="0x48750000" Size="0x00048000" TimeStamp="02/26/2018 12:14:28" FileVersion="0.0.0.0" ProductVersion="0.0.0.0"/><Module FullPath="C:\Program Files\AnsysEM\AnsysEM19.2\Win64\SimpLang80.dll" BaseAddress="0x48450000" Size="0x0047a000" TimeStamp="07/24/2018 23:41:30" FileVersion="2018.2.0.1" ProductVersion="2018.2.0.0"/><Module FullPath="C:\Program Files\AnsysEM\AnsysEM19.2\Win64\Complex.dll" BaseAddress="0x488d0000" Size="0x00013000" TimeStamp="07/24/2018 23:41:10" FileVersion="2018.2.0.1" ProductVersion="2018.2.0.0"/><Module FullPath="C:\Program Files\AnsysEM\AnsysEM19.2\Win64\SimpComm80.dll" BaseAddress="0x488f0000" Size="0x0011a000" TimeStamp="07/24/2018 23:42:36" FileVersion="2018.2.0.0" ProductVersion="2018.2.0.0"/><Module FullPath="C:\Program Files\AnsysEM\AnsysEM19.2\Win64\datatrans.dll" BaseAddress="0x48a10000" Size="0x00020000" TimeStamp="07/24/2018 23:41:10" FileVersion="2018.2.0.1" ProductVersion="2018.2.0.0"/><Module FullPath="C:\Program Files\AnsysEM\AnsysEM19.2\Win64\FittingBase.dll" BaseAddress="0x54660000" Size="0x0003a000" TimeStamp="07/24/2018 23:41:44" FileVersion="0.0.0.0" ProductVersion="0.0.0.0"/><Module FullPath="C:\Program Files\AnsysEM\AnsysEM19.2\Win64\MaxWSpcPwl.dll" BaseAddress="0x48a70000" Size="0x0001c000" TimeStamp="07/24/2018 23:41:40" FileVersion="2018.2.0.0" ProductVersion="2018.2.0.0"/><Module FullPath="C:\Program Files\AnsysEM\AnsysEM19.2\Win64\VHDLGenData.dll" BaseAddress="0x48a90000" Size="0x000de000" TimeStamp="07/24/2018 23:47:52" FileVersion="2018.2.0.5" ProductVersion="2018.2.0.0"/><Module FullPath="C:\Windows\System32\oledlg.dll" BaseAddress="0x509a0000" Size="0x00024000" TimeStamp="07/16/2016 13:42:17" FileVersion="6.2.14393.0" ProductVersion="10.0.14393.0"/><Module FullPath="C:\Program Files\AnsysEM\AnsysEM19.2\Win64\boost_log-vc140-mt-1_63.dll" BaseAddress="0x42e30000" Size="0x000c4000" TimeStamp="02/26/2018 12:13:36" FileVersion="0.0.0.0" ProductVersion="0.0.0.0"/><Module FullPath="C:\Program Files\AnsysEM\AnsysEM19.2\Win64\Formelsolver.dll" BaseAddress="0x48b90000" Size="0x00162000" TimeStamp="07/24/2018 23:46:18" FileVersion="2018.2.0.3" ProductVersion="2018.2.0.0"/><Module FullPath="C:\PROGRAM FILES\AnsysEM\ANSYSEM19.2\Win64\SimVHDL.dll" BaseAddress="0x48d10000" Size="0x000f5000" TimeStamp="07/24/2018 23:48:20" FileVersion="2018.2.0.5" ProductVersion="2018.2.0.0"/><Module FullPath="C:\Program Files\AnsysEM\AnsysEM19.2\Win64\SimVHDLDig.dll" BaseAddress="0x48ed0000" Size="0x000be000" TimeStamp="07/24/2018 23:48:12" FileVersion="2018.2.0.5" ProductVersion="2018.2.0.0"/><Module FullPath="C:\Program Files\AnsysEM\AnsysEM19.2\Win64\SimVHDLA.dll" BaseAddress="0x48e20000" Size="0x000ae000" TimeStamp="07/24/2018 23:48:10" FileVersion="2018.2.0.5" ProductVersion="2018.2.0.0"/><Module FullPath="C:\Program Files\AnsysEM\AnsysEM19.2\Win64\Sim2000User.dll" BaseAddress="0x48fb0000" Size="0x00029000" TimeStamp="07/24/2018 23:46:22" FileVersion="2018.2.0.7" ProductVersion="2018.2.0.0"/><Module FullPath="C:\Windows\System32\spool\drivers\x64\3\hpmdp083.dll" BaseAddress="0x55940000" Size="0x000f0000" TimeStamp="10/09/2008 14:07:56" FileVersion="0.3.1537.137" ProductVersion="4.7.0.25"/><Module FullPath="C:\Windows\System32\spool\drivers\x64\3\UNIDRVUI.DLL" BaseAddress="0x42850000" Size="0x00121000" TimeStamp="04/06/2019 06:58:51" FileVersion="0.3.14393.2938" ProductVersion="10.0.14393.2938"/><Module FullPath="C:\Windows\System32\propsys.dll" BaseAddress="0x64f90000" Size="0x00185000" TimeStamp="03/06/2019 08:56:28" FileVersion="7.0.14393.2848" ProductVersion="7.0.14393.2848"/><Module FullPath="C:\Windows\System32\edputil.dll" BaseAddress="0x511b0000" Size="0x00042000" TimeStamp="10/25/2018 05:16:59" FileVersion="6.2.14393.2608" ProductVersion="10.0.14393.2608"/><Module FullPath="C:\Windows\System32\thumbcache.dll" BaseAddress="0x51cb0000" Size="0x00053000" TimeStamp="10/25/2018 05:12:57" FileVersion="6.2.14393.2608" ProductVersion="10.0.14393.2608"/><Module FullPath="C:\Windows\System32\ntshrui.dll" BaseAddress="0x50ed0000" Size="0x000d2000" TimeStamp="11/01/2018 06:20:53" FileVersion="6.2.14393.2636" ProductVersion="10.0.14393.2636"/><Module FullPath="C:\Windows\System32\srvcli.dll" BaseAddress="0x58250000" Size="0x00026000" TimeStamp="07/16/2016 13:42:27" FileVersion="6.2.14393.0" ProductVersion="10.0.14393.0"/><Module FullPath="C:\Windows\System32\cscapi.dll" BaseAddress="0x55dc0000" Size="0x00012000" TimeStamp="07/16/2016 13:42:14" FileVersion="6.2.14393.0" ProductVersion="10.0.14393.0"/><Module FullPath="C:\Windows\System32\StructuredQuery.dll" BaseAddress="0x46bb0000" Size="0x000a1000" TimeStamp="08/31/2019 03:01:15" FileVersion="7.0.14393.3204" ProductVersion="7.0.14393.3204"/><Module FullPath="C:\Windows\System32\policymanager.dll" BaseAddress="0x59e60000" Size="0x00043000" TimeStamp="01/11/2018 09:05:07" FileVersion="6.2.14393.2035" ProductVersion="10.0.14393.2035"/><Module FullPath="C:\Windows\System32\msvcp110_win.dll" BaseAddress="0x660d0000" Size="0x00091000" TimeStamp="01/01/2018 07:18:13" FileVersion="6.2.14393.2007" ProductVersion="10.0.14393.2007"/><Module FullPath="C:\Windows\System32\Windows.Storage.Search.dll" BaseAddress="0x46ae0000" Size="0x000ca000" TimeStamp="10/25/2018 05:12:08" FileVersion="6.2.14393.2608" ProductVersion="10.0.14393.2608"/><Module FullPath="C:\Windows\System32\apphelp.dll" BaseAddress="0x65cc0000" Size="0x0007a000" TimeStamp="07/16/2016 13:42:16" FileVersion="6.2.14393.0" ProductVersion="10.0.14393.0"/><Module FullPath="C:\Program Files\Common Files\TortoiseOverlays\TortoiseOverlays.dll" BaseAddress="0x60640000" Size="0x00020000" TimeStamp="08/25/2015 19:58:06" FileVersion="1.1.4.26626" ProductVersion="1.1.4.26626"/><Module FullPath="C:\Program Files\TortoiseSVN\bin\TortoiseStub.dll" BaseAddress="0x4f860000" Size="0x0001c000" TimeStamp="08/04/2019 18:52:12" FileVersion="1.12.2.28653" ProductVersion="1.12.2.28653"/><Module FullPath="C:\Program Files\TortoiseSVN\bin\TortoiseSVN.dll" BaseAddress="0x4f4f0000" Size="0x0036f000" TimeStamp="08/04/2019 18:52:18" FileVersion="1.12.2.28653" ProductVersion="1.12.2.28653"/><Module FullPath="C:\Program Files\TortoiseSVN\bin\libsvn_tsvn.dll" BaseAddress="0x4eea0000" Size="0x00643000" TimeStamp="08/04/2019 18:49:16" FileVersion="1.12.2.28358" ProductVersion="1.12.2.28358"/><Module FullPath="C:\Program Files\TortoiseSVN\bin\libapr_tsvn.dll" BaseAddress="0x4f8b0000" Size="0x00035000" TimeStamp="08/04/2019 18:49:04" FileVersion="1.6.5.0" ProductVersion="1.6.5.0"/><Module FullPath="C:\Program Files\TortoiseSVN\bin\intl3_tsvn.dll" BaseAddress="0x4f8f0000" Size="0x00012000" TimeStamp="08/04/2019 18:48:52" FileVersion="0.14.6.0" ProductVersion="0.14.6.0"/><Module FullPath="C:\Windows\System32\wininet.dll" BaseAddress="0x5ac20000" Size="0x003e2000" TimeStamp="09/30/2019 00:46:02" FileVersion="11.0.14393.3269" ProductVersion="11.0.14393.3269"/><Module FullPath="C:\Program Files\TortoiseSVN\bin\libaprutil_tsvn.dll" BaseAddress="0x4ed90000" Size="0x00047000" TimeStamp="08/04/2019 18:48:58" FileVersion="1.6.1.0" ProductVersion="1.6.1.0"/><Module FullPath="C:\Program Files\TortoiseSVN\bin\libsasl.dll" BaseAddress="0x4ede0000" Size="0x0001a000" TimeStamp="08/04/2019 18:49:10" FileVersion="2.1.24.0" ProductVersion="2.1.24.0"/><Module FullPath="C:\Windows\System32\Wldap32.dll" BaseAddress="0x6a8c0000" Size="0x0005d000" TimeStamp="09/30/2019 00:48:58" FileVersion="6.2.14393.3269" ProductVersion="10.0.14393.3269"/><Module FullPath="C:\Users\Shay\AppData\Local\Microsoft\OneDrive\19.192.0926.0012\amd64\FileSyncShell64.dll" BaseAddress="0x4eb50000" Size="0x0016a000" TimeStamp="11/14/2019 12:00:41" FileVersion="19.192.926.12" ProductVersion="19.192.926.12"/><Module FullPath="C:\Windows\System32\userenv.dll" BaseAddress="0x66df0000" Size="0x0001f000" TimeStamp="10/01/2019 23:28:45" FileVersion="6.2.14393.3297" ProductVersion="10.0.14393.3297"/><Module FullPath="C:\Windows\System32\mssprxy.dll" BaseAddress="0x4a6f0000" Size="0x00023000" TimeStamp="09/11/2019 05:46:23" FileVersion="7.0.14393.3241" ProductVersion="7.0.14393.3241"/><Module FullPath="C:\Program Files\Microsoft Office\Office16\GROOVEEX.DLL" BaseAddress="0x358c0000" Size="0x00214000" TimeStamp="07/31/2015 09:23:24" FileVersion="16.0.4266.1001" ProductVersion="16.0.4266.0"/><Module FullPath="C:\Windows\System32\msi.dll" BaseAddress="0x58b90000" Size="0x002f3000" TimeStamp="10/17/2019 08:01:34" FileVersion="5.0.14393.3321" ProductVersion="5.0.14393.3321"/><Module FullPath="C:\Program Files\Microsoft Office\Office16\1033\GrooveIntlResource.dll" BaseAddress="0x572a0000" Size="0x0087e000" TimeStamp="07/31/2015 08:59:46" FileVersion="16.0.4266.1001" ProductVersion="16.0.4266.0"/><Module FullPath="C:\Windows\System32\EhStorShell.dll" BaseAddress="0x489d0000" Size="0x00036000" TimeStamp="07/16/2016 13:42:17" FileVersion="6.2.14393.0" ProductVersion="10.0.14393.0"/><Module FullPath="C:\Windows\System32\cscui.dll" BaseAddress="0x49fe0000" Size="0x000c4000" TimeStamp="03/14/2019 07:45:26" FileVersion="6.2.14393.2879" ProductVersion="10.0.14393.2879"/><Module FullPath="C:\Windows\System32\drprov.dll" BaseAddress="0x55db0000" Size="0x0000b000" TimeStamp="07/16/2016 13:42:34" FileVersion="6.2.14393.0" ProductVersion="10.0.14393.0"/><Module FullPath="C:\Windows\System32\winsta.dll" BaseAddress="0x668c0000" Size="0x00056000" TimeStamp="07/16/2016 13:42:43" FileVersion="6.2.14393.0" ProductVersion="10.0.14393.0"/><Module FullPath="C:\Windows\System32\ntlanman.dll" BaseAddress="0x55c20000" Size="0x00016000" TimeStamp="03/14/2019 08:06:46" FileVersion="6.2.14393.2879" ProductVersion="10.0.14393.2879"/><Module FullPath="C:\Windows\System32\davclnt.dll" BaseAddress="0x55c00000" Size="0x00020000" TimeStamp="08/30/2018 22:41:23" FileVersion="6.2.14393.2515" ProductVersion="10.0.14393.2515"/><Module FullPath="C:\Windows\System32\davhlpr.dll" BaseAddress="0x55da0000" Size="0x0000c000" TimeStamp="07/16/2016 13:42:14" FileVersion="6.2.14393.0" ProductVersion="10.0.14393.0"/><Module FullPath="C:\Windows\System32\wkscli.dll" BaseAddress="0x64240000" Size="0x00016000" TimeStamp="07/16/2016 13:42:27" FileVersion="6.2.14393.0" ProductVersion="10.0.14393.0"/><Module FullPath="C:\Windows\System32\dlnashext.dll" BaseAddress="0x44ce0000" Size="0x0004d000" TimeStamp="08/07/2018 06:16:48" FileVersion="6.2.14393.2430" ProductVersion="10.0.14393.2430"/><Module FullPath="C:\Windows\System32\PlayToDevice.dll" BaseAddress="0x52b60000" Size="0x00070000" TimeStamp="05/04/2019 06:40:35" FileVersion="6.2.14393.2969" ProductVersion="10.0.14393.2969"/><Module FullPath="C:\Windows\System32\DevDispItemProvider.dll" BaseAddress="0x64910000" Size="0x0001e000" TimeStamp="07/16/2016 13:42:05" FileVersion="6.2.14393.0" ProductVersion="10.0.14393.0"/><Module FullPath="C:\Windows\System32\MMDevAPI.dll" BaseAddress="0x63200000" Size="0x00071000" TimeStamp="10/25/2018 05:58:05" FileVersion="6.2.14393.2608" ProductVersion="10.0.14393.2608"/><Module FullPath="C:\Windows\System32\PortableDeviceApi.dll" BaseAddress="0x64430000" Size="0x0009e000" TimeStamp="11/01/2018 06:23:19" FileVersion="6.2.14393.2636" ProductVersion="10.0.14393.2636"/><Module FullPath="C:\Windows\System32\EhStorAPI.dll" BaseAddress="0x54a90000" Size="0x00025000" TimeStamp="07/16/2016 13:42:17" FileVersion="6.2.14393.0" ProductVersion="10.0.14393.0"/><Module FullPath="C:\Windows\System32\linkinfo.dll" BaseAddress="0x50a30000" Size="0x00010000" TimeStamp="07/16/2016 13:42:32" FileVersion="6.2.14393.0" ProductVersion="10.0.14393.0"/><Module FullPath="C:\Windows\System32\NetworkExplorer.dll" BaseAddress="0x50770000" Size="0x00127000" TimeStamp="07/16/2016 13:42:12" FileVersion="6.2.14393.0" ProductVersion="10.0.14393.0"/><Module FullPath="C:\Windows\System32\cscobj.dll" BaseAddress="0x49f60000" Size="0x0004d000" TimeStamp="07/16/2016 16:15:21" FileVersion="6.2.14393.0" ProductVersion="10.0.14393.0"/><Module FullPath="C:\Program Files\AnsysEM\AnsysEM19.2\Win64\EDBKern.dll" BaseAddress="0x59340000" Size="0x010b2000" TimeStamp="07/24/2018 23:18:44" FileVersion="0.0.0.0" ProductVersion="0.0.0.0"/><Module FullPath="C:\Program Files\AnsysEM\AnsysEM19.2\Win64\aciskern.dll" BaseAddress="0x57b20000" Size="0x003f4000" TimeStamp="07/24/2018 22:41:16" FileVersion="2018.2.0.1" ProductVersion="2018.2.0.0"/><Module FullPath="C:\Program Files\AnsysEM\AnsysEM19.2\Win64\SPADefeature.dll" BaseAddress="0x37d90000" Size="0x00211000" TimeStamp="08/02/2017 14:46:04" FileVersion="20181.0.0.17214" ProductVersion="20181.0.0.17214"/><Module FullPath="C:\Program Files\AnsysEM\AnsysEM19.2\Win64\admhusk.dll" BaseAddress="0x41810000" Size="0x000bb000" TimeStamp="08/11/2017 14:36:24" FileVersion="20181.0.0.17223" ProductVersion="20181.0.0.17223"/><Module FullPath="C:\Program Files\AnsysEM\AnsysEM19.2\Win64\SpaACIS.dll" BaseAddress="0x32070000" Size="0x03849000" TimeStamp="08/11/2017 14:37:34" FileVersion="20181.0.0.17223" ProductVersion="20181.0.0.17223"/><Module FullPath="C:\Program Files\AnsysEM\AnsysEM19.2\Win64\Geometry3DPlugin.DLL" BaseAddress="0x55bf0000" Size="0x00037000" TimeStamp="07/24/2018 22:11:20" FileVersion="0.0.0.0" ProductVersion="0.0.0.0"/><Module FullPath="C:\Program Files\AnsysEM\AnsysEM19.2\Win64\HfssSbrPlus.DLL" BaseAddress="0x37ab0000" Size="0x002d3000" TimeStamp="07/24/2018 22:37:10" FileVersion="0.0.0.0" ProductVersion="0.0.0.0"/><Module FullPath="C:\Program Files\AnsysEM\AnsysEM19.2\Win64\tbbmalloc_proxy.dll" BaseAddress="0x56480000" Size="0x00015000" TimeStamp="02/23/2015 11:40:14" FileVersion="4.3.2014.1203" ProductVersion="4.3.2014.1203"/><Module FullPath="C:\Program Files\AnsysEM\AnsysEM19.2\Win64\TKBO.dll" BaseAddress="0x378e0000" Size="0x001c4000" TimeStamp="02/14/2017 10:34:06" FileVersion="6.9.0.0" ProductVersion="6.9.0.0"/><Module FullPath="C:\Program Files\AnsysEM\AnsysEM19.2\Win64\TKBool.dll" BaseAddress="0x374e0000" Size="0x003f8000" TimeStamp="02/14/2017 10:40:04" FileVersion="6.9.0.0" ProductVersion="6.9.0.0"/><Module FullPath="C:\Program Files\AnsysEM\AnsysEM19.2\Win64\TKBRep.dll" BaseAddress="0x41210000" Size="0x000f9000" TimeStamp="02/14/2017 10:27:40" FileVersion="6.9.0.0" ProductVersion="6.9.0.0"/><Module FullPath="C:\Program Files\AnsysEM\AnsysEM19.2\Win64\TKernel.dll" BaseAddress="0x37300000" Size="0x001dc000" TimeStamp="02/14/2017 10:22:06" FileVersion="6.9.0.0" ProductVersion="6.9.0.0"/><Module FullPath="C:\Program Files\AnsysEM\AnsysEM19.2\Win64\TKG2d.dll" BaseAddress="0x46710000" Size="0x00065000" TimeStamp="02/14/2017 10:25:14" FileVersion="6.9.0.0" ProductVersion="6.9.0.0"/><Module FullPath="C:\Program Files\AnsysEM\AnsysEM19.2\Win64\TKG3d.dll" BaseAddress="0x40da0000" Size="0x000eb000" TimeStamp="02/14/2017 10:25:38" FileVersion="6.9.0.0" ProductVersion="6.9.0.0"/><Module FullPath="C:\Program Files\AnsysEM\AnsysEM19.2\Win64\TKGeomAlgo.dll" BaseAddress="0x36f40000" Size="0x003bf000" TimeStamp="02/14/2017 10:31:08" FileVersion="6.9.0.0" ProductVersion="6.9.0.0"/><Module FullPath="C:\Program Files\AnsysEM\AnsysEM19.2\Win64\TKGeomBase.dll" BaseAddress="0x36b90000" Size="0x003a6000" TimeStamp="02/14/2017 10:27:08" FileVersion="6.9.0.0" ProductVersion="6.9.0.0"/><Module FullPath="C:\Program Files\AnsysEM\AnsysEM19.2\Win64\TKIGES.dll" BaseAddress="0x31ce0000" Size="0x00389000" TimeStamp="02/14/2017 10:47:52" FileVersion="6.9.0.0" ProductVersion="6.9.0.0"/><Module FullPath="C:\Program Files\AnsysEM\AnsysEM19.2\Win64\TKLCAF.dll" BaseAddress="0x38040000" Size="0x000ac000" TimeStamp="02/14/2017 10:23:56" FileVersion="6.9.0.0" ProductVersion="6.9.0.0"/><Module FullPath="C:\Program Files\AnsysEM\AnsysEM19.2\Win64\TKMath.dll" BaseAddress="0x31b10000" Size="0x001ca000" TimeStamp="02/14/2017 10:24:42" FileVersion="6.9.0.0" ProductVersion="6.9.0.0"/><Module FullPath="C:\Program Files\AnsysEM\AnsysEM19.2\Win64\TKMesh.dll" BaseAddress="0x44ac0000" Size="0x00065000" TimeStamp="02/14/2017 10:32:30" FileVersion="6.9.0.0" ProductVersion="6.9.0.0"/><Module FullPath="C:\Program Files\AnsysEM\AnsysEM19.2\Win64\TKPrim.dll" BaseAddress="0x47e50000" Size="0x00052000" TimeStamp="02/14/2017 10:32:40" FileVersion="6.9.0.0" ProductVersion="6.9.0.0"/><Module FullPath="C:\Program Files\AnsysEM\AnsysEM19.2\Win64\TKShHealing.dll" BaseAddress="0x31810000" Size="0x002f5000" TimeStamp="02/14/2017 10:33:56" FileVersion="6.9.0.0" ProductVersion="6.9.0.0"/><Module FullPath="C:\Program Files\AnsysEM\AnsysEM19.2\Win64\TKTopAlgo.dll" BaseAddress="0x315c0000" Size="0x00243000" TimeStamp="02/14/2017 10:32:02" FileVersion="6.9.0.0" ProductVersion="6.9.0.0"/><Module FullPath="C:\Program Files\AnsysEM\AnsysEM19.2\Win64\TKXCAF.dll" BaseAddress="0x46010000" Size="0x00058000" TimeStamp="02/14/2017 10:43:20" FileVersion="6.9.0.0" ProductVersion="6.9.0.0"/><Module FullPath="C:\Program Files\AnsysEM\AnsysEM19.2\Win64\TKXDEIGES.dll" BaseAddress="0x54700000" Size="0x00019000" TimeStamp="02/14/2017 10:47:56" FileVersion="6.9.0.0" ProductVersion="6.9.0.0"/><Module FullPath="C:\Program Files\AnsysEM\AnsysEM19.2\Win64\TKXSBase.dll" BaseAddress="0x31350000" Size="0x00268000" TimeStamp="02/14/2017 10:36:48" FileVersion="6.9.0.0" ProductVersion="6.9.0.0"/><Module FullPath="C:\Program Files\AnsysEM\AnsysEM19.2\Win64\TKOffset.dll" BaseAddress="0x366a0000" Size="0x00165000" TimeStamp="02/14/2017 10:44:32" FileVersion="6.9.0.0" ProductVersion="6.9.0.0"/><Module FullPath="C:\Program Files\AnsysEM\AnsysEM19.2\Win64\TKCDF.dll" BaseAddress="0x417b0000" Size="0x0005c000" TimeStamp="02/14/2017 10:22:48" FileVersion="6.9.0.0" ProductVersion="6.9.0.0"/><Module FullPath="C:\Program Files\AnsysEM\AnsysEM19.2\Win64\TKService.dll" BaseAddress="0x36b40000" Size="0x00048000" TimeStamp="02/14/2017 10:34:20" FileVersion="6.9.0.0" ProductVersion="6.9.0.0"/><Module FullPath="C:\Program Files\AnsysEM\AnsysEM19.2\Win64\TKV3d.dll" BaseAddress="0x31080000" Size="0x002c8000" TimeStamp="02/14/2017 10:40:14" FileVersion="6.9.0.0" ProductVersion="6.9.0.0"/><Module FullPath="C:\Program Files\AnsysEM\AnsysEM19.2\Win64\TKCAF.dll" BaseAddress="0x36a80000" Size="0x000bb000" TimeStamp="02/14/2017 10:42:24" FileVersion="6.9.0.0" ProductVersion="6.9.0.0"/><Module FullPath="C:\Program Files\AnsysEM\AnsysEM19.2\Win64\freetype265.dll" BaseAddress="0x36510000" Size="0x00092000" TimeStamp="02/13/2017 15:36:46" FileVersion="0.0.0.0" ProductVersion="0.0.0.0"/><Module FullPath="C:\Program Files\AnsysEM\AnsysEM19.2\Win64\TKHLR.dll" BaseAddress="0x36010000" Size="0x000f5000" TimeStamp="02/14/2017 10:33:50" FileVersion="6.9.0.0" ProductVersion="6.9.0.0"/><Module FullPath="C:\Program Files\AnsysEM\AnsysEM19.2\Win64\reportkern.DLL" BaseAddress="0x57f20000" Size="0x00235000" TimeStamp="07/24/2018 22:12:38" FileVersion="2018.2.0.1" ProductVersion="2018.2.0.0"/><Module FullPath="C:\Windows\System32\actxprxy.dll" BaseAddress="0x59460000" Size="0x00365000" TimeStamp="03/14/2019 07:44:08" FileVersion="6.2.14393.2879" ProductVersion="10.0.14393.2879"/><Module FullPath="C:\Windows\System32\ondemandconnroutehelper.dll" BaseAddress="0x5eeb0000" Size="0x00015000" TimeStamp="10/15/2016 05:56:41" FileVersion="6.2.14393.351" ProductVersion="10.0.14393.351"/><Module FullPath="C:\Windows\System32\webio.dll" BaseAddress="0x52fa0000" Size="0x00090000" TimeStamp="09/11/2019 05:42:27" FileVersion="6.2.14393.3241" ProductVersion="10.0.14393.3241"/><Module FullPath="C:\Windows\System32\winnsi.dll" BaseAddress="0x638e0000" Size="0x0000b000" TimeStamp="06/12/2018 03:26:48" FileVersion="6.2.14393.2339" ProductVersion="10.0.14393.2339"/><Module FullPath="C:\Windows\System32\schannel.dll" BaseAddress="0x66ab0000" Size="0x00077000" TimeStamp="09/30/2019 00:49:26" FileVersion="6.2.14393.3269" ProductVersion="10.0.14393.3269"/><Module FullPath="C:\Windows\System32\mskeyprotect.dll" BaseAddress="0x54d90000" Size="0x00015000" TimeStamp="05/04/2019 06:34:14" FileVersion="6.2.14393.2969" ProductVersion="10.0.14393.2969"/><Module FullPath="C:\Windows\System32\ncrypt.dll" BaseAddress="0x67240000" Size="0x00026000" TimeStamp="05/04/2019 07:18:03" FileVersion="6.2.14393.2969" ProductVersion="10.0.14393.2969"/><Module FullPath="C:\Windows\System32\ntasn1.dll" BaseAddress="0x67200000" Size="0x0003b000" TimeStamp="07/16/2016 13:42:27" FileVersion="6.2.14393.0" ProductVersion="10.0.14393.0"/><Module FullPath="C:\Windows\System32\ncryptsslp.dll" BaseAddress="0x5ba00000" Size="0x00021000" TimeStamp="05/04/2019 07:17:47" FileVersion="6.2.14393.2969" ProductVersion="10.0.14393.2969"/><Module FullPath="C:\Windows\System32\sxs.dll" BaseAddress="0x67560000" Size="0x00098000" TimeStamp="07/16/2016 13:42:32" FileVersion="6.2.14393.0" ProductVersion="10.0.14393.0"/></Modules></Exception>
